team,players_used,avg_age,possession,games,games_starts,minutes,minutes_90s,goals,assists,goals_assists,goals_pens,pens_made,pens_att,cards_yellow,cards_red,xg,npxg,xg_assist,npxg_xg_assist,progressive_carries,progressive_passes,goals_per90,assists_per90,goals_assists_per90,goals_pens_per90,goals_assists_pens_per90,xg_per90,xg_assist_per90,xg_xg_assist_per90,npxg_per90,npxg_xg_assist_per90,gk_games,gk_games_starts,gk_minutes,gk_goals_against,gk_goals_against_per90,gk_shots_on_target_against,gk_saves,gk_save_pct,gk_wins,gk_ties,gk_losses,gk_clean_sheets,gk_clean_sheets_pct,gk_pens_att,gk_pens_allowed,gk_pens_saved,gk_pens_missed,gk_pens_save_pct,gk_free_kick_goals_against,gk_corner_kick_goals_against,gk_own_goals_against,gk_psxg,gk_psnpxg_per_shot_on_target_against,gk_psxg_net,gk_psxg_net_per90,gk_passes_completed_launched,gk_passes_launched,gk_passes_pct_launched,gk_passes,gk_passes_throws,gk_pct_passes_launched,gk_passes_length_avg,gk_goal_kicks,gk_pct_goal_kicks_launched,gk_goal_kick_length_avg,gk_crosses,gk_crosses_stopped,gk_crosses_stopped_pct,gk_def_actions_outside_pen_area,gk_def_actions_outside_pen_area_per90,gk_avg_distance_def_actions,shots,shots_on_target,shots_on_target_pct,shots_per90,shots_on_target_per90,goals_per_shot,goals_per_shot_on_target,average_shot_distance,shots_free_kicks,npxg_per_shot,xg_net,npxg_net,passes_completed,passes,passes_pct,passes_total_distance,passes_progressive_distance,passes_completed_short,passes_short,passes_pct_short,passes_completed_medium,passes_medium,passes_pct_medium,passes_completed_long,passes_long,passes_pct_long,pass_xa,xg_assist_net,assisted_shots,passes_into_final_third,passes_into_penalty_area,crosses_into_penalty_area,passes_live,passes_dead,passes_free_kicks,through_balls,passes_switches,crosses,throw_ins,corner_kicks,corner_kicks_in,corner_kicks_out,corner_kicks_straight,passes_offsides,passes_blocked,sca,sca_per90,sca_passes_live,sca_passes_dead,sca_take_ons,sca_shots,sca_fouled,sca_defense,gca,gca_per90,gca_passes_live,gca_passes_dead,gca_take_ons,gca_shots,gca_fouled,gca_defense,tackles,tackles_won,tackles_def_3rd,tackles_mid_3rd,tackles_att_3rd,challenge_tackles,challenges,challenge_tackles_pct,challenges_lost,blocks,blocked_shots,blocked_passes,interceptions,tackles_interceptions,clearances,errors,touches,touches_def_pen_area,touches_def_3rd,touches_mid_3rd,touches_att_3rd,touches_att_pen_area,touches_live_ball,take_ons,take_ons_won,take_ons_won_pct,take_ons_tackled,take_ons_tackled_pct,carries,carries_distance,carries_progressive_distance,carries_into_final_third,carries_into_penalty_area,miscontrols,dispossessed,passes_received,progressive_passes_received,cards_yellow_red,fouls,fouled,offsides,pens_won,pens_conceded,own_goals,ball_recoveries,aerials_won,aerials_lost,aerials_won_pct,topGoals,season
Ajax,19,27.2,53.2,6,66,540,6.0,11,9,20,10,1,1,15,1,8.3,7.5,6.3,13.8,80,234,1.83,1.50,3.33,1.67,3.17,1.39,1.04,2.43,1.26,2.30,6,6,540,16,2.67,37,21,62.2,2,0,4,1,16.7,2,2,0,0,0.0,0,3,0,14.6,0.34,-1.4,-0.24,20,101,19.8,248,29,35.9,32.8,33,36.4,38.5,85,4,4.7,5,0.83,12.4,64,22,34.4,10.67,3.67,0.16,0.45,17.6,0,0.12,+2.7,+2.5,2834,3385,83.7,48341,15879,1278,1395,91.6,1295,1447,89.5,205,396,51.8,6.2,+2.7,53,210,65,15,3106,261,64,7,19,63,103,26,11,3,0,18,42,110,18.33,93,8,2,4,2,1,20,3.33,16,1,1,1,1,0,110,60,44,50,16,63,104,60.6,41,62,15,47,53,163,109,5,4006,479,1360,1802,871,138,4005,89,39,43.8,35,39.3,2570,10632,5067,68,20,83,52,2806,231,1,78,47,18,1,2,0,293,55,84,39.6,4,2023
Atlético Madrid,22,29.4,56.5,6,66,540,6.0,4,3,7,4,0,2,11,0,9.5,7.8,5.3,13.2,111,286,0.67,0.50,1.17,0.67,1.17,1.59,0.88,2.47,1.31,2.19,6,6,540,9,1.50,27,18,70.4,1,2,3,1,16.7,1,1,0,0,0.0,0,0,0,9.9,0.33,+0.9,+0.15,17,56,30.4,99,27,30.3,31.6,43,60.5,47.3,53,3,5.7,4,0.67,13.3,95,34,35.8,15.83,5.67,0.04,0.12,18.5,4,0.08,-5.5,-3.8,3047,3674,82.9,51306,16783,1518,1661,91.4,1166,1363,85.5,282,475,59.4,4.7,-2.3,65,235,58,19,3362,292,62,6,30,151,133,39,26,6,1,20,44,168,28.00,128,9,6,13,6,6,7,1.17,6,0,0,1,0,0,85,48,38,30,17,48,79,60.8,31,81,21,60,42,127,79,2,4301,288,1098,2077,1153,148,4299,89,40,44.9,42,47.2,2849,13512,6392,104,27,86,59,3024,281,0,56,61,20,1,1,0,309,75,81,48.1,1,2023
Barcelona,26,27.2,64.8,6,66,540,6.0,12,10,22,12,0,0,9,0,9.9,9.9,8.2,18.1,167,358,2.00,1.67,3.67,2.00,3.67,1.65,1.36,3.01,1.65,3.01,6,6,540,12,2.00,30,18,63.3,2,1,3,0,0.0,1,1,0,0,0.0,0,2,0,12.6,0.40,+0.6,+0.10,25,38,65.8,165,27,17.6,25.4,36,25.0,29.3,59,1,1.7,6,1.00,18.2,90,33,36.7,15.00,5.50,0.13,0.36,16.7,2,0.11,+2.1,+2.1,3476,4033,86.2,59907,19062,1623,1796,90.4,1463,1613,90.7,323,444,72.7,10.5,+1.8,71,343,84,18,3734,291,93,15,27,154,104,40,20,15,0,8,57,166,27.67,129,10,9,5,6,7,23,3.83,20,1,0,1,0,1,94,58,31,44,19,38,69,55.1,31,60,20,40,51,145,58,3,4658,323,977,2308,1402,194,4658,128,51,39.8,65,50.8,3126,16679,8902,135,36,84,63,3448,357,0,57,70,8,0,1,0,314,69,70,49.6,5,2023
Bayern Munich,24,27.4,56.1,10,110,900,10.0,21,19,40,20,1,1,20,1,19.4,18.6,15.5,34.1,249,541,2.10,1.90,4.00,2.00,3.90,1.94,1.55,3.49,1.86,3.41,10,10,900,6,0.60,36,30,83.3,8,1,1,7,70.0,1,0,0,1,,0,1,0,10.6,0.30,+4.6,+0.46,24,62,38.7,327,45,16.8,28.3,61,11.5,22.0,113,2,1.8,7,0.70,13.4,167,72,43.1,16.70,7.20,0.12,0.28,18.2,8,0.11,+1.6,+1.4,5277,6096,86.6,92687,30813,2326,2542,91.5,2380,2622,90.8,482,702,68.7,13.5,+3.5,129,464,106,11,5665,405,107,26,33,127,182,38,23,13,1,26,75,302,30.20,238,12,24,15,9,4,39,3.90,30,2,4,3,0,0,189,118,94,69,26,80,175,45.7,95,146,34,112,120,309,131,5,7288,705,2305,3211,1838,294,7287,232,121,52.2,88,37.9,4893,25909,13199,162,64,155,114,5241,538,1,121,94,26,0,1,0,574,105,113,48.2,4,2023
Benfica,24,26.8,52.9,10,110,900,10.0,25,16,41,20,5,5,19,0,19.2,15.3,12.2,27.5,187,455,2.50,1.60,4.10,2.00,3.60,1.92,1.22,3.14,1.53,2.75,10,10,900,13,1.30,31,18,67.7,6,3,1,2,20.0,3,3,0,0,0.0,0,1,0,12.1,0.32,-0.9,-0.09,28,93,30.1,199,42,33.7,33.5,64,40.6,36.7,140,6,4.3,11,1.10,14.8,133,48,36.1,13.30,4.80,0.15,0.42,17.3,6,0.12,+5.8,+4.7,4832,5740,84.2,82686,26948,2250,2505,89.8,1877,2100,89.4,525,769,68.3,12.5,+3.8,103,373,99,18,5301,423,103,10,54,152,184,49,21,12,0,16,99,254,25.40,195,12,18,10,16,3,47,4.70,31,1,5,1,6,3,189,105,80,78,31,82,189,43.4,107,126,33,93,123,312,160,1,6874,588,1981,3198,1776,254,6869,199,99,49.7,85,42.7,4463,22971,11004,182,43,155,83,4804,449,0,103,89,16,4,3,0,537,115,143,44.6,6,2023
Celtic,22,26.8,44.2,6,66,540,6.0,3,1,4,3,0,1,7,0,9.2,8.4,6.6,14.9,98,300,0.50,0.17,0.67,0.50,0.67,1.53,1.09,2.62,1.40,2.49,6,6,540,15,2.50,31,16,58.1,0,2,4,0,0.0,2,2,0,0,0.0,0,0,0,13.3,0.40,-1.7,-0.28,7,17,41.2,142,32,9.2,24.5,32,12.5,25.3,59,0,0.0,6,1.00,19.3,82,29,35.4,13.67,4.83,0.04,0.10,18.1,1,0.10,-6.2,-5.4,2714,3217,84.4,47286,16001,1132,1275,88.8,1338,1488,89.9,187,300,62.3,7.4,-5.6,63,236,75,24,2965,248,47,8,9,121,116,32,10,8,0,4,56,141,23.50,109,10,8,8,3,3,5,0.83,3,0,0,1,1,0,89,45,35,36,18,41,81,50.6,40,78,27,51,65,154,84,2,3833,317,1046,1780,1035,141,3832,76,34,44.7,30,39.5,2677,13492,6993,76,15,79,69,2708,300,0,50,37,4,1,2,0,291,42,43,49.4,2,2023
Chelsea,26,27.7,57.3,10,110,900,10.0,12,7,19,10,2,2,24,1,16.2,14.6,11.8,26.4,211,512,1.20,0.70,1.90,1.00,1.70,1.62,1.18,2.80,1.46,2.64,10,10,900,9,0.90,37,28,75.7,5,1,4,3,30.0,0,0,0,0,,0,1,0,10.4,0.31,+1.4,+0.14,27,87,31.0,248,53,24.6,29.8,49,53.1,42.3,95,7,7.4,12,1.20,17.8,152,51,33.6,15.20,5.10,0.07,0.20,16.5,6,0.10,-4.2,-4.6,5015,5977,83.9,83375,27690,2517,2768,90.9,1953,2225,87.8,426,693,61.5,13.4,-4.8,115,418,105,16,5527,423,132,15,36,194,170,53,28,21,0,27,93,283,28.30,211,26,11,20,13,2,20,2.00,17,0,1,1,1,0,175,104,81,68,26,87,174,50.0,87,136,30,106,93,268,141,1,7105,539,1883,3368,1928,272,7103,208,89,42.8,90,43.3,5033,23433,11627,220,47,153,91,4985,510,0,137,121,27,1,0,0,597,116,109,51.6,3,2023
Club Brugge,25,27.1,45.6,8,88,720,8.0,8,7,15,7,1,2,27,1,8.0,6.4,5.2,11.7,109,239,1.00,0.87,1.87,0.87,1.75,1.00,0.65,1.65,0.80,1.46,8,8,720,11,1.37,45,34,80.0,3,2,3,5,62.5,3,2,0,1,0.0,0,0,0,15.1,0.31,+4.1,+0.51,80,155,51.6,247,30,44.9,37.0,76,57.9,40.3,112,6,5.4,5,0.63,9.6,67,20,29.9,8.37,2.50,0.10,0.35,19.3,1,0.10,0.0,+0.6,2998,3805,78.8,57815,20432,1136,1345,84.5,1341,1536,87.3,411,702,58.5,4.1,+1.8,47,193,39,10,3408,383,104,5,39,105,156,28,20,2,0,14,77,117,14.63,79,9,10,5,9,5,15,1.87,10,1,3,0,1,0,113,64,58,40,15,47,98,48.0,51,84,30,54,72,185,161,4,4651,615,1704,2088,900,105,4649,153,67,43.8,68,44.4,3048,16394,6987,77,27,93,70,2949,238,1,73,67,14,2,3,0,389,114,96,54.3,2,2023
Dinamo Zagreb,20,27.7,46.8,6,66,540,6.0,4,2,6,4,0,0,13,0,4.2,4.2,3.2,7.4,107,194,0.67,0.33,1.00,0.67,1.00,0.70,0.54,1.24,0.70,1.24,6,6,540,11,1.83,35,25,77.1,1,1,4,1,16.7,3,3,0,0,0.0,0,0,1,12.5,0.27,+2.5,+0.41,34,110,30.9,177,27,42.4,35.7,76,46.1,41.3,101,3,3.0,3,0.50,10.8,55,20,36.4,9.17,3.33,0.07,0.20,20.3,2,0.08,-0.2,-0.2,2232,2821,79.1,40331,15054,965,1099,87.8,939,1110,84.6,249,433,57.5,3.3,-1.2,41,129,37,11,2519,300,96,4,33,73,96,15,5,3,0,2,65,100,16.67,88,5,0,4,3,0,8,1.33,8,0,0,0,0,0,105,54,60,36,9,50,99,50.5,49,73,31,42,66,171,127,1,3485,538,1444,1430,643,78,3485,89,36,40.4,43,48.3,2216,11635,5843,87,15,93,69,2217,194,0,61,74,2,0,3,1,306,87,72,54.7,2,2023
Dortmund,26,26.8,47.9,8,88,720,8.0,11,10,21,11,0,0,17,0,10.5,10.5,8.8,19.3,159,300,1.37,1.25,2.62,1.37,2.62,1.31,1.10,2.41,1.31,2.41,8,8,720,7,0.87,36,28,83.3,3,3,2,3,37.5,2,1,1,0,50.0,0,1,0,11.0,0.26,+4.0,+0.50,37,96,38.5,277,30,27.4,29.3,62,32.3,32.9,121,6,5.0,13,1.63,17.1,97,27,27.8,12.12,3.38,0.11,0.41,18.5,4,0.11,+0.5,+0.5,3388,4123,82.2,57515,19809,1627,1828,89.0,1314,1486,88.4,329,552,59.6,7.3,+1.2,74,227,57,6,3758,357,102,8,54,92,151,27,8,15,0,8,71,169,21.12,130,8,16,10,4,1,21,2.62,15,1,4,1,0,0,111,67,53,42,16,50,116,43.1,66,106,31,75,89,200,136,4,5038,598,1815,2230,1047,162,5038,160,69,43.1,74,46.3,3162,16843,8732,124,45,104,71,3365,299,0,73,80,8,0,2,0,427,68,86,44.2,4,2023
Eint Frankfurt,22,26.9,43.3,8,88,720,8.0,7,5,12,6,1,1,18,2,8.0,7.3,5.5,12.8,140,258,0.87,0.62,1.50,0.75,1.37,1.01,0.69,1.69,0.91,1.59,8,8,720,13,1.62,41,27,73.2,3,1,4,2,25.0,4,2,1,1,33.3,0,0,0,14.5,0.29,+1.5,+0.19,25,99,25.3,184,33,47.8,37.2,42,26.2,28.9,81,4,4.9,5,0.63,13.0,75,26,34.7,9.37,3.25,0.08,0.23,18.1,2,0.10,-1.0,-1.3,2827,3691,76.6,47000,16909,1390,1613,86.2,1148,1409,81.5,215,490,43.9,5.0,-0.5,51,190,37,4,3310,364,107,6,20,107,168,26,14,9,1,17,68,129,16.12,96,12,6,6,6,3,12,1.50,10,1,0,1,0,0,154,88,75,66,13,66,154,42.9,88,99,17,82,85,239,129,3,4589,441,1570,2170,891,125,4588,130,44,33.8,70,53.8,2613,13679,6578,104,25,120,87,2798,256,1,109,88,17,0,4,0,501,74,89,45.4,3,2023
FC Copenhagen,25,25.4,37.7,6,66,540,6.0,1,1,2,1,0,0,12,1,4.8,4.8,3.5,8.3,73,142,0.17,0.17,0.33,0.17,0.33,0.80,0.59,1.39,0.80,1.39,6,6,540,12,2.00,38,26,71.1,0,3,3,2,33.3,2,1,1,0,50.0,0,1,1,11.6,0.26,+0.6,+0.11,32,101,31.7,145,23,45.5,36.5,44,79.5,58.6,76,8,10.5,4,0.67,13.1,54,16,29.6,9.00,2.67,0.02,0.06,17.8,3,0.09,-3.8,-3.8,1950,2478,78.7,34295,11982,866,1006,86.1,826,937,88.2,199,395,50.4,3.3,-2.5,38,127,27,6,2255,216,51,5,23,61,81,21,15,3,1,7,40,90,15.00,65,9,3,6,6,1,1,0.17,1,0,0,0,0,0,88,46,51,23,14,40,82,48.8,42,77,25,52,83,171,104,0,3102,397,1238,1273,620,97,3102,95,41,43.2,40,42.1,1371,8191,4190,52,21,64,36,1931,141,0,71,43,7,0,2,1,276,72,76,48.6,1,2023
Inter,22,29.4,45.7,12,132,"1,080",12.0,19,17,36,18,1,1,22,0,16.2,15.8,13.2,29.0,191,411,1.58,1.42,3.00,1.50,2.92,1.35,1.10,2.46,1.31,2.42,12,12,"1,080",10,0.83,53,44,81.1,7,3,2,8,66.7,0,0,0,0,,0,2,1,16.5,0.32,+7.5,+0.62,81,178,45.5,394,58,35.5,34.3,82,46.3,41.2,188,12,6.4,3,0.25,10.2,152,57,37.5,12.67,4.75,0.12,0.32,16.6,2,0.11,+2.8,+2.2,4433,5573,79.5,85512,32170,1789,2029,88.2,2025,2349,86.2,563,944,59.6,12.5,+3.8,115,319,87,28,5017,529,153,10,58,230,194,61,19,35,0,27,120,262,21.83,189,31,9,22,8,3,35,2.92,27,3,3,2,0,0,213,129,121,66,26,97,201,48.3,104,139,46,93,114,327,265,1,6910,959,2651,2760,1561,252,6909,153,73,47.7,58,37.9,3886,18839,9519,158,36,150,98,4397,407,0,150,137,27,0,0,1,586,176,166,51.5,4,2023
Juventus,26,29.1,48.3,6,66,540,6.0,9,8,17,9,0,0,14,0,8.6,8.6,7.0,15.6,120,277,1.50,1.33,2.83,1.50,2.83,1.43,1.17,2.60,1.43,2.60,6,6,540,13,2.17,32,19,65.6,1,0,5,0,0.0,2,2,0,0,0.0,0,1,0,11.4,0.30,-1.6,-0.27,16,37,43.2,130,27,23.8,29.9,28,21.4,27.6,64,2,3.1,4,0.67,14.8,78,25,32.1,13.00,4.17,0.12,0.36,16.8,0,0.13,+0.4,+0.4,2553,3100,82.4,47736,16403,1039,1173,88.6,1132,1291,87.7,322,485,66.4,4.9,+1.0,58,239,48,15,2828,255,74,7,37,142,93,27,14,10,0,17,50,140,23.33,107,12,6,11,4,0,16,2.67,9,4,0,2,1,0,96,48,47,35,14,49,94,52.1,45,77,21,56,51,147,78,0,3720,364,1025,1767,960,127,3720,100,42,42.0,40,40.0,2304,11852,5940,97,31,75,68,2538,275,0,68,67,17,0,2,0,312,60,71,45.8,2,2023
Leverkusen,20,25.6,51.3,6,66,540,6.0,4,4,8,4,0,2,18,1,9.0,7.4,6.3,13.7,138,260,0.67,0.67,1.33,0.67,1.33,1.50,1.05,2.55,1.24,2.29,6,6,540,8,1.33,24,15,75.0,1,2,3,2,33.3,3,2,1,0,33.3,0,1,0,7.0,0.17,-1.0,-0.17,22,58,37.9,167,28,27.5,30.8,35,34.3,32.7,91,5,5.5,2,0.33,10.0,81,27,33.3,13.50,4.50,0.05,0.15,18.5,1,0.10,-5.0,-3.4,2663,3241,82.2,45432,16050,1277,1436,88.9,1104,1246,88.6,227,407,55.8,6.1,-2.3,60,208,55,9,3004,224,59,11,20,90,81,31,11,14,0,13,53,143,23.83,111,7,9,9,3,4,8,1.33,7,0,0,0,0,1,103,66,41,45,17,53,86,61.6,33,65,19,46,43,146,119,2,3905,382,1232,1865,835,135,3903,97,41,42.3,43,44.3,2045,12557,7070,93,42,93,49,2645,258,1,80,49,13,1,3,0,357,75,72,51.0,2,2023
Liverpool,25,28.3,54.9,8,88,720,8.0,19,15,34,18,1,1,10,0,14.7,13.9,10.8,24.7,150,407,2.37,1.87,4.25,2.25,4.12,1.84,1.34,3.18,1.74,3.09,8,8,720,12,1.50,28,15,60.7,5,0,3,3,37.5,2,1,1,0,50.0,0,0,0,12.6,0.40,+0.6,+0.08,28,51,54.9,235,36,17.9,26.5,37,24.3,31.6,56,7,12.5,10,1.25,17.4,126,55,43.7,15.75,6.87,0.14,0.33,16.0,4,0.11,+4.3,+4.1,3786,4628,81.8,64379,23190,1749,1959,89.3,1502,1742,86.2,364,609,59.8,11.7,+4.2,103,305,101,16,4241,373,89,19,40,184,168,59,12,45,0,14,73,222,27.75,165,24,10,15,6,2,31,3.87,21,3,1,4,2,0,141,81,58,64,19,67,125,53.6,58,83,20,63,60,201,76,3,5473,397,1444,2578,1500,257,5472,148,62,41.9,68,45.9,3020,15605,7685,132,48,133,85,3756,399,0,93,60,14,1,2,0,464,108,71,60.3,8,2023
Maccabi Haifa,20,28.8,43.3,6,66,540,6.0,7,6,13,6,1,1,14,0,6.4,5.6,5.2,10.9,107,213,1.17,1.00,2.17,1.00,2.00,1.07,0.87,1.94,0.94,1.81,6,6,540,21,3.50,42,22,50.0,1,0,5,1,16.7,0,0,0,0,,1,2,1,17.7,0.42,-2.3,-0.38,19,49,38.8,104,30,30.8,32.5,39,43.6,34.6,82,4,4.9,8,1.33,17.2,76,21,27.6,12.67,3.50,0.08,0.29,20.7,4,0.07,+0.6,+0.4,2173,2698,80.5,36803,13241,1066,1208,88.2,829,967,85.7,211,351,60.1,4.5,+0.8,64,150,41,11,2443,239,55,8,18,84,88,30,6,4,0,16,51,140,23.33,101,8,12,8,6,5,13,2.17,9,1,1,0,1,1,124,73,76,32,16,52,110,47.3,58,55,18,37,53,177,104,0,3362,376,1085,1578,743,101,3361,98,43,43.9,45,45.9,2211,12091,5959,97,22,82,55,2159,210,0,77,46,16,0,0,1,345,68,46,59.6,2,2023
Manchester City,23,27.9,60.3,12,132,"1,080",12.0,30,23,53,28,2,5,19,1,25.5,21.7,17.0,38.6,311,607,2.50,1.92,4.42,2.33,4.25,2.12,1.42,3.54,1.80,3.22,12,12,"1,080",5,0.42,32,27,87.5,7,5,0,7,58.3,1,1,0,0,0.0,0,3,0,6.4,0.18,+1.4,+0.12,42,86,48.8,313,48,21.1,28.0,51,39.2,38.6,78,4,5.1,14,1.17,17.6,189,81,42.9,15.75,6.75,0.15,0.35,17.2,4,0.12,+4.5,+6.3,7236,8192,88.3,125047,34142,3465,3692,93.9,3024,3282,92.1,648,899,72.1,16.6,+6.0,158,612,120,29,7727,451,117,21,65,228,190,76,21,24,7,14,127,351,29.25,268,28,17,21,13,4,50,4.17,34,2,3,8,2,1,173,104,64,75,34,84,168,50.0,84,97,23,74,74,247,105,2,9265,601,2056,4504,2775,354,9260,225,131,58.2,62,27.6,5962,31496,17296,254,88,124,87,7174,597,0,114,104,14,2,1,0,591,117,78,60.0,12,2023
Marseille,19,27.8,59.2,6,66,540,6.0,8,6,14,7,1,1,10,1,8.6,7.9,5.3,13.2,129,324,1.33,1.00,2.33,1.17,2.17,1.44,0.88,2.32,1.31,2.19,6,6,540,8,1.33,20,12,60.0,2,0,4,1,16.7,0,0,0,0,,0,1,0,5.4,0.27,-2.6,-0.43,18,56,32.1,151,20,30.5,32.8,25,40.0,37.6,44,3,6.8,11,1.83,17.0,79,23,29.1,13.17,3.83,0.09,0.30,19.0,4,0.10,-0.6,-0.9,3072,3647,84.2,55131,15761,1258,1394,90.2,1381,1571,87.9,327,480,68.1,4.9,+0.7,54,306,46,11,3350,271,88,5,29,116,115,30,7,9,1,26,53,139,23.17,97,19,5,9,8,1,11,1.83,7,2,0,1,1,0,107,58,40,51,16,40,69,58.0,29,54,20,34,68,175,57,1,4280,266,918,2187,1209,111,4279,119,46,38.7,63,52.9,3299,18102,8568,134,19,102,60,3051,323,0,66,82,26,1,0,0,353,56,61,47.9,2,2023
Milan,23,27.1,48.0,12,132,"1,080",12.0,14,9,23,12,2,3,28,1,16.5,14.1,11.3,25.4,217,378,1.17,0.75,1.92,1.00,1.75,1.38,0.94,2.31,1.18,2.12,12,12,"1,080",11,0.92,52,40,80.8,5,3,4,5,41.7,2,1,1,0,50.0,0,3,0,14.4,0.24,+3.4,+0.28,75,144,52.1,351,48,29.6,31.9,82,48.8,40.8,163,11,6.7,21,1.75,16.9,135,42,31.1,11.25,3.50,0.09,0.29,17.5,3,0.11,-2.5,-2.1,4306,5392,79.9,80341,29115,1785,2076,86.0,1823,2081,87.6,572,909,62.9,11.0,-2.3,99,311,77,26,4849,524,161,14,32,169,209,36,15,18,0,19,111,242,20.17,177,17,13,20,11,4,25,2.08,17,2,2,1,3,0,214,123,111,80,23,89,183,48.6,94,129,46,83,103,317,187,4,6736,739,2282,3104,1426,231,6733,266,115,43.2,112,42.1,3683,21372,11242,145,57,183,121,4253,366,0,169,148,19,3,2,0,624,158,161,49.5,5,2023
Napoli,22,27.2,56.4,10,110,900,10.0,26,20,46,22,4,8,19,1,25.2,19.1,15.7,34.8,260,419,2.60,2.00,4.60,2.20,4.20,2.52,1.57,4.09,1.91,3.48,10,10,900,8,0.80,30,21,76.7,7,1,2,4,40.0,2,1,1,0,50.0,0,2,0,11.4,0.33,+3.4,+0.34,21,47,44.7,245,48,15.5,24.8,70,12.9,21.0,129,7,5.4,11,1.10,13.6,167,63,37.7,16.70,6.30,0.13,0.35,16.7,2,0.12,+0.8,+2.9,4938,5849,84.4,79554,26691,2449,2670,91.7,1963,2251,87.2,332,550,60.4,15.1,+4.3,136,326,89,20,5367,463,144,33,47,168,174,58,22,20,0,19,91,315,31.50,221,27,22,21,12,12,47,4.70,33,2,4,5,1,2,173,104,79,64,30,78,141,55.3,63,95,29,66,88,261,160,4,6947,633,2106,3408,1519,298,6939,248,114,46.0,95,38.3,4691,23225,12389,166,80,138,82,4908,415,1,109,134,19,4,2,0,568,141,129,52.2,5,2023
Paris S-G,21,28.3,56.8,8,88,720,8.0,15,12,27,14,1,1,14,0,10.8,10.0,7.1,17.1,184,352,1.87,1.50,3.38,1.75,3.25,1.35,0.89,2.24,1.25,2.14,8,8,720,10,1.25,35,26,74.3,4,2,2,0,0.0,1,1,0,0,0.0,0,2,1,10.1,0.26,+1.1,+0.13,13,42,31.0,192,41,17.2,25.1,46,19.6,23.7,99,2,2.0,8,1.00,13.3,99,41,41.4,12.38,5.12,0.14,0.34,17.6,8,0.10,+4.2,+4.0,4570,5187,88.1,68541,22084,2466,2666,92.5,1536,1695,90.6,301,434,69.4,8.6,+4.9,70,311,89,8,4803,367,135,21,19,95,111,39,15,15,0,17,74,179,22.37,138,11,9,7,13,1,28,3.50,25,0,2,0,1,0,117,77,58,45,14,59,139,42.4,80,77,23,54,62,179,97,3,5947,558,1832,2760,1411,210,5946,202,99,49.0,74,36.6,4836,26522,12412,197,55,102,91,4543,351,0,64,114,17,1,1,1,403,61,62,49.6,7,2023
Porto,24,27.6,47.5,8,88,720,8.0,12,7,19,9,3,3,22,3,15.2,12.9,10.6,23.5,144,249,1.50,0.87,2.37,1.13,2.00,1.90,1.33,3.23,1.61,2.94,8,8,720,8,1.00,38,28,81.6,4,1,3,4,50.0,4,1,3,0,75.0,0,1,1,10.7,0.18,+3.7,+0.46,56,147,38.1,330,44,36.1,36.1,48,58.3,46.7,117,9,7.7,8,1.00,13.6,111,38,34.2,13.87,4.75,0.08,0.24,16.5,1,0.12,-3.2,-3.9,2857,3703,77.2,51436,19403,1289,1491,86.5,1168,1377,84.8,327,616,53.1,8.6,-3.6,85,173,60,16,3292,397,121,11,18,113,168,35,19,8,0,14,74,193,24.12,146,15,3,19,8,2,18,2.25,12,1,1,2,2,0,136,88,76,45,15,57,127,44.9,70,85,23,62,77,213,152,1,4608,613,1703,1929,1025,215,4605,145,62,42.8,65,44.8,2839,13925,7253,83,41,126,53,2832,248,3,90,103,14,2,4,1,427,126,135,48.3,5,2023
Rangers,22,29.1,38.5,6,66,540,6.0,2,1,3,1,1,1,10,1,4.9,4.1,2.7,6.8,62,139,0.33,0.17,0.50,0.17,0.33,0.82,0.44,1.26,0.68,1.13,6,6,540,22,3.67,51,28,60.8,0,0,6,0,0.0,3,2,1,0,33.3,1,3,0,18.2,0.30,-3.8,-0.64,31,105,29.5,169,25,42.6,35.0,56,58.9,47.4,67,2,3.0,7,1.17,18.9,43,10,23.3,7.17,1.67,0.02,0.10,17.6,2,0.10,-2.9,-3.1,1850,2452,75.4,33043,11529,844,985,85.7,773,907,85.2,194,424,45.8,2.3,-1.7,30,118,20,13,2153,284,69,3,15,84,110,20,1,14,0,15,46,70,11.67,47,5,6,6,6,0,4,0.67,3,0,0,0,1,0,89,45,38,42,9,39,91,42.9,52,63,24,39,58,147,105,3,3046,455,1224,1291,561,68,3045,89,30,33.7,50,56.2,1707,8592,3860,51,17,82,54,1838,137,1,50,55,15,1,3,0,287,60,80,42.9,1,2023
RB Leipzig,22,26.9,50.0,8,88,720,8.0,13,12,25,13,0,0,8,0,11.7,11.7,10.2,21.8,126,336,1.62,1.50,3.12,1.62,3.12,1.46,1.27,2.73,1.46,2.73,8,8,720,17,2.12,39,22,61.5,4,1,3,2,25.0,2,2,0,0,0.0,0,3,0,14.4,0.35,-2.6,-0.33,14,52,26.9,278,34,16.5,25.6,47,12.8,24.8,92,6,6.5,5,0.63,15.2,88,34,38.6,11.00,4.25,0.15,0.38,15.8,3,0.13,+1.3,+1.3,3767,4438,84.9,63764,20326,1746,1925,90.7,1584,1763,89.8,310,497,62.4,10.2,+1.8,74,270,88,17,4088,330,83,21,28,114,144,32,7,19,0,20,65,156,19.50,127,10,6,7,5,1,21,2.62,17,1,1,2,0,0,136,79,62,57,17,69,152,45.4,83,80,17,63,68,204,108,6,5175,543,1698,2323,1190,175,5175,112,58,51.8,39,34.8,3642,17613,8524,109,33,113,62,3740,335,0,68,76,20,0,2,0,388,59,61,49.2,3,2023
RB Salzburg,19,23.3,40.0,6,66,540,6.0,5,3,8,4,1,1,11,0,8.3,7.5,5.9,13.4,86,171,0.83,0.50,1.33,0.67,1.17,1.38,0.98,2.36,1.25,2.23,6,6,540,9,1.50,30,21,70.0,1,3,2,1,16.7,0,0,0,0,,0,2,0,9.4,0.31,+0.4,+0.07,29,73,39.7,111,11,54.1,42.4,32,40.6,39.9,89,2,2.2,8,1.33,16.2,84,27,32.1,14.00,4.50,0.05,0.15,19.1,3,0.09,-3.3,-3.5,1527,2223,68.7,26035,11972,750,945,79.4,543,748,72.6,168,375,44.8,4.8,-2.9,58,127,43,13,1931,284,60,4,9,88,153,24,18,3,0,8,56,134,22.33,99,9,7,11,5,3,9,1.50,5,0,2,0,1,1,154,85,77,54,23,70,120,58.3,50,93,23,70,51,205,118,3,3016,338,873,1411,779,108,3015,100,33,33.0,52,52.0,1681,9870,4686,78,20,112,63,1512,169,0,77,51,8,1,0,0,389,75,91,45.2,3,2023
Real Madrid,22,28.6,53.7,12,132,"1,080",12.0,26,21,47,23,3,3,14,0,22.3,20.5,17.2,37.7,284,494,2.17,1.75,3.92,1.92,3.67,1.85,1.43,3.28,1.71,3.14,12,12,"1,080",13,1.08,58,44,77.6,8,2,2,5,41.7,1,0,1,0,100.0,1,2,0,18.6,0.31,+5.6,+0.47,26,95,27.4,350,80,20.3,28.7,63,38.1,39.0,147,10,6.8,8,0.67,13.0,184,74,40.2,15.33,6.17,0.13,0.31,17.6,5,0.12,+3.7,+2.5,6655,7601,87.6,103798,32798,3537,3797,93.2,2321,2559,90.7,497,770,64.5,19.1,+3.8,147,496,104,22,7062,525,139,22,74,169,206,64,19,17,0,14,111,335,27.92,257,22,24,15,13,4,45,3.75,31,3,5,3,3,0,173,98,85,68,20,85,178,47.8,93,133,34,99,111,284,179,1,8840,845,2587,3955,2376,309,8837,270,120,44.4,113,41.9,5616,29146,14677,207,94,140,86,6617,492,0,100,127,14,1,1,0,541,78,71,52.3,7,2023
Sevilla,24,29.6,50.7,6,66,540,6.0,6,5,11,6,0,0,12,0,5.4,5.4,4.0,9.4,74,233,1.00,0.83,1.83,1.00,1.83,0.90,0.67,1.57,0.90,1.57,6,6,540,12,2.00,30,18,60.0,1,2,3,2,33.3,0,0,0,0,,0,1,0,10.1,0.36,-1.9,-0.32,29,86,33.7,229,23,24.9,29.7,52,55.8,44.5,73,8,11.0,4,0.67,10.6,68,24,35.3,11.33,4.00,0.09,0.25,17.5,2,0.08,+0.6,+0.6,2635,3189,82.6,48400,15877,1123,1253,89.6,1204,1360,88.5,277,461,60.1,4.4,+1.0,50,161,43,9,2897,284,79,7,33,91,115,17,2,12,0,8,56,119,19.83,89,10,4,11,4,1,9,1.50,4,3,0,1,1,0,82,49,38,30,14,43,93,46.2,50,64,19,45,49,131,90,6,3745,455,1427,1531,806,102,3745,79,34,43.0,33,41.8,2092,9099,4185,60,18,73,43,2611,230,0,57,74,8,0,0,0,255,73,65,52.9,2,2023
Shakhtar,20,25.1,42.3,6,66,540,6.0,8,7,15,8,0,0,15,0,3.7,3.7,3.0,6.8,104,140,1.33,1.17,2.50,1.33,2.50,0.62,0.50,1.13,0.62,1.13,6,6,540,10,1.67,38,30,73.7,1,3,2,0,0.0,0,0,0,0,,0,0,2,9.0,0.25,+1.0,+0.17,22,71,31.0,205,25,20.5,27.0,54,53.7,44.5,122,4,3.3,2,0.33,8.7,45,15,33.3,7.50,2.50,0.18,0.53,19.9,1,0.08,+4.3,+4.3,2461,2927,84.1,41792,14439,1188,1289,92.2,1018,1134,89.8,209,374,55.9,3.1,+4.0,32,100,18,4,2664,254,59,16,12,45,77,15,8,6,1,9,50,80,13.33,70,4,0,3,1,2,14,2.33,14,0,0,0,0,0,106,52,68,30,8,45,99,45.5,54,57,17,40,65,171,156,5,3603,658,1828,1401,396,64,3603,103,32,31.1,57,55.3,2274,11751,5899,68,19,71,52,2444,139,0,65,47,9,0,0,2,265,38,56,40.4,3,2023
Sporting CP,25,26.1,45.3,6,66,540,6.0,8,5,13,8,0,0,17,3,3.8,3.8,3.0,6.7,78,139,1.33,0.83,2.17,1.33,2.17,0.63,0.50,1.12,0.63,1.12,6,6,537,9,1.51,29,20,75.9,2,1,3,2,33.3,2,2,0,0,0.0,0,2,0,10.6,0.31,+1.6,+0.27,26,107,24.3,232,40,30.6,30.9,57,63.2,42.1,105,11,10.5,3,0.50,8.8,45,21,46.7,7.50,3.50,0.18,0.38,18.5,1,0.09,+4.2,+4.2,2250,2812,80.0,40741,13062,956,1087,87.9,1031,1173,87.9,224,435,51.5,2.5,+2.0,33,95,20,4,2510,298,105,4,22,61,98,20,8,9,1,4,43,75,12.50,53,7,5,5,4,1,15,2.50,10,1,3,1,0,0,127,75,70,49,8,56,89,62.9,33,62,15,47,50,177,127,4,3470,572,1549,1484,469,67,3470,108,49,45.4,47,43.5,2097,9705,4974,56,16,90,88,2240,138,2,69,72,4,0,2,0,273,47,66,41.6,2,2023
Tottenham,25,28.6,50.6,8,88,720,8.0,8,7,15,7,1,2,20,1,10.0,8.4,7.5,15.9,152,355,1.00,0.87,1.87,0.87,1.75,1.25,0.94,2.19,1.05,1.99,8,8,720,7,0.87,30,23,76.7,3,3,2,3,37.5,0,0,0,0,,0,3,0,9.9,0.37,+2.9,+0.36,23,47,48.9,179,46,20.7,27.3,52,19.2,25.9,96,6,6.3,16,2.00,17.9,95,29,30.5,11.87,3.62,0.07,0.24,17.3,4,0.09,-2.0,-1.4,3459,4270,81.0,60303,21384,1551,1767,87.8,1504,1737,86.6,316,529,59.7,8.5,-0.5,71,268,67,16,3908,342,92,13,26,166,138,45,26,8,0,20,72,177,22.12,129,15,7,9,14,3,15,1.87,9,2,1,1,2,0,153,88,56,73,24,71,143,49.7,72,75,28,47,71,224,132,5,5113,491,1547,2430,1175,166,5111,135,52,38.5,54,40.0,3027,16071,7784,114,27,113,62,3431,353,1,101,86,20,2,0,0,432,117,90,56.5,2,2023
Viktoria Plzeň,22,28.9,29.5,6,66,540,6.0,5,4,9,4,1,1,12,1,5.5,4.8,3.5,8.3,68,127,0.83,0.67,1.50,0.67,1.33,0.92,0.59,1.51,0.79,1.38,6,6,540,24,4.00,55,31,56.4,0,0,6,0,0.0,0,0,0,0,,0,1,0,23.0,0.43,-1.0,-0.17,54,118,45.8,138,24,54.3,41.8,53,81.1,57.0,79,2,2.5,8,1.33,15.8,67,19,28.4,11.17,3.17,0.06,0.21,18.9,0,0.07,-0.5,-0.8,1328,1806,73.5,26820,13246,535,638,83.9,551,659,83.6,205,387,53.0,3.8,+0.5,46,129,40,17,1534,265,67,0,13,94,88,22,8,8,0,7,43,112,18.67,79,11,5,7,7,3,10,1.67,8,0,0,1,1,0,95,41,52,28,15,41,98,41.8,57,61,20,41,67,162,128,0,2475,403,1000,919,585,98,2474,69,24,34.8,37,53.6,1134,5812,2669,38,9,74,55,1313,124,0,59,52,7,1,0,0,280,83,76,52.2,2,2023
