team,avg_age,possession,progressive_carries_per90,progressive_passes_per90,goals_per90,assists_per90,goals_assists_per90,goals_pens_per90,goals_assists_pens_per90,xg_per90,xg_assist_per90,xg_xg_assist_per90,npxg_per90,npxg_xg_assist_per90,gk_goals_against_per90,gk_shots_on_target_against,gk_save_pct,gk_pens_save_pct,gk_free_kick_goals_against_per90,gk_corner_kick_goals_against_per90,gk_own_goals_against_per90,gk_psxg_per90,gk_psnpxg_per_shot_on_target_against,gk_psxg_net_per90,gk_passes_pct_launched,gk_passes_per90,gk_passes_throws_per90,gk_pct_passes_launched,gk_passes_length_avg,gk_goal_kicks_per90,gk_pct_goal_kicks_launched,gk_goal_kick_length_avg,gk_crosses_per90,gk_crosses_stopped_pct,gk_def_actions_outside_pen_area_per90,gk_avg_distance_def_actions,shots_on_target_pct,shots_per90,shots_on_target_per90,goals_per_shot,goals_per_shot_on_target,average_shot_distance,shots_free_kicks,npxg_per_shot,xg_net_per90,npxg_net_per90,passes_completed_per90,passes_per90,passes_pct,passes_total_distance_per90,passes_progressive_distance_per90,passes_completed_short_per90,passes_short_per90,passes_pct_short,passes_completed_medium_per90,passes_medium_per90,passes_pct_medium,passes_completed_long_per90,passes_long_per90,passes_pct_long,pass_xa_per90,xg_assist_net_per90,assisted_shots_per90,passes_into_final_third_per90,passes_into_penalty_area_per90,crosses_into_penalty_area_per90,passes_live_per90,passes_dead_per90,passes_free_kicks_per90,through_balls_per90,passes_switches_per90,crosses_per90,throw_ins_per90,corner_kicks_per90,corner_kicks_in_per90,corner_kicks_out_per90,corner_kicks_straight_per90,passes_offsides_per90,passes_blocked_per90,sca_per90,sca_passes_live_per90,sca_passes_dead_per90,sca_take_ons_per90,sca_shots_per90,sca_fouled_per90,sca_defense_per90,gca_per90,gca_passes_live_per90,gca_passes_dead_per90,gca_take_ons_per90,gca_shots_per90,gca_fouled_per90,gca_defense_per90,tackles_per90,tackles_won_per90,tackles_def_3rd_per90,tackles_mid_3rd_per90,tackles_att_3rd_per90,challenge_tackles_per90,challenges_per90,challenge_tackles_pct,challenges_lost_per90,blocks_per90,blocked_shots_per90,blocked_passes_per90,interceptions_per90,tackles_interceptions_per90,clearances_per90,errors_per90,touches_per90,touches_def_pen_area_per90,touches_def_3rd_per90,touches_mid_3rd_per90,touches_att_3rd_per90,touches_att_pen_area_per90,touches_live_ball_per90,take_ons_per90,take_ons_won_per90,take_ons_won_pct,take_ons_tackled_per90,take_ons_tackled_pct,carries_per90,carries_distance_per90,carries_progressive_distance_per90,carries_into_final_third_per90,carries_into_penalty_area_per90,miscontrols_per90,dispossessed_per90,passes_received_per90,progressive_passes_received_per90,cards_yellow_red_per90,fouls_per90,fouled_per90,offsides_per90,pens_won_per90,pens_conceded_per90,own_goals_per90,ball_recoveries_per90,aerials_won_per90,aerials_lost_per90,aerials_won_pct,season
Antwerp,24.9,43.2,13.166666666666666,31.333333333333332,1.0,0.67,1.67,1.0,1.67,1.03,0.67,1.7,0.91,1.58,2.83,36,55.6,0.0,0.16666666666666666,0.3333333333333333,0.16666666666666666,2.066666666666667,0.33,-0.59,36.0,38.333333333333336,5.0,41.7,33.2,7.0,35.7,33.2,11.333333333333334,13.2,0.5,12.7,38.2,9.17,3.5,0.11,0.29,17.0,1,0.1,-0.03333333333333333,0.09999999999999999,351.0,437.1666666666667,80.3,6566.666666666667,2359.3333333333335,143.33333333333334,160.0,89.6,153.83333333333334,174.83333333333334,88.0,44.5,77.33333333333333,57.5,0.7000000000000001,0.0,6.166666666666667,24.166666666666668,6.5,1.3333333333333333,393.6666666666667,41.5,9.333333333333334,1.0,1.8333333333333333,16.333333333333332,17.166666666666668,4.166666666666667,1.5,1.8333333333333333,0.0,2.0,10.0,16.5,12.333333333333334,1.5,1.0,0.6666666666666666,0.5,0.5,1.33,0.8333333333333334,0.0,0.16666666666666666,0.16666666666666666,0.0,0.16666666666666666,16.5,9.333333333333334,8.166666666666666,6.333333333333333,2.0,8.833333333333334,19.666666666666668,44.9,10.833333333333334,13.666666666666666,4.333333333333333,9.333333333333334,7.666666666666667,24.166666666666668,18.5,0.8333333333333334,546.0,82.33333333333333,210.83333333333334,226.66666666666666,113.33333333333333,16.166666666666668,545.8333333333334,17.5,9.333333333333334,53.3,6.833333333333333,39.0,347.1666666666667,1680.3333333333333,809.1666666666666,11.0,3.0,15.333333333333334,9.833333333333334,346.5,31.0,0.16666666666666666,9.666666666666666,7.166666666666667,2.0,0.0,0.16666666666666666,0.16666666666666666,47.166666666666664,7.833333333333333,12.0,39.5,2024
Arsenal,25.7,55.8,19.333333333333332,42.333333333333336,2.67,2.17,4.83,2.5,4.67,1.79,1.38,3.17,1.66,3.04,0.67,18,77.8,0.0,0.0,0.16666666666666666,0.0,0.7166666666666667,0.24,0.04,38.4,31.666666666666668,4.5,32.1,30.5,6.166666666666667,32.4,31.1,11.666666666666666,15.7,1.33,15.5,39.2,13.17,5.17,0.19,0.48,14.9,1,0.13,0.8833333333333333,0.8333333333333334,495.3333333333333,575.3333333333334,86.1,8110.833333333333,2582.0,240.5,262.5,91.6,206.83333333333334,226.66666666666666,91.3,32.333333333333336,55.166666666666664,58.6,1.2166666666666666,0.7833333333333333,10.833333333333334,34.0,8.333333333333334,1.0,534.8333333333334,39.5,11.166666666666666,1.5,3.3333333333333335,9.666666666666666,16.5,4.0,2.3333333333333335,1.1666666666666667,0.0,1.0,8.666666666666666,23.67,16.833333333333332,2.3333333333333335,2.0,1.3333333333333333,0.8333333333333334,0.3333333333333333,4.5,3.6666666666666665,0.0,0.5,0.3333333333333333,0.0,0.0,13.833333333333334,7.5,3.6666666666666665,7.666666666666667,2.5,5.833333333333333,14.5,40.2,8.666666666666666,9.666666666666666,1.8333333333333333,7.833333333333333,6.666666666666667,20.5,13.833333333333334,0.16666666666666666,681.5,58.0,192.66666666666666,325.1666666666667,169.83333333333334,28.0,681.3333333333334,22.166666666666668,10.0,45.1,10.333333333333334,46.6,453.0,2422.0,1167.1666666666667,16.333333333333332,6.833333333333333,16.166666666666668,7.833333333333333,489.5,41.5,0.0,10.666666666666666,8.833333333333334,1.0,0.0,0.0,0.0,45.166666666666664,11.5,9.333333333333334,55.2,2024
Atl√©tico Madrid,29.7,53.3,16.833333333333332,39.333333333333336,2.5,1.5,4.0,2.5,4.0,1.54,1.12,2.66,1.39,2.5,1.0,26,76.9,0.0,0.0,0.3333333333333333,0.16666666666666666,1.1166666666666667,0.28,0.28,34.0,22.0,4.666666666666667,26.5,31.5,6.833333333333333,43.9,35.8,13.5,4.9,0.33,9.7,37.8,13.67,5.17,0.18,0.48,17.0,1,0.1,0.9500000000000001,1.1166666666666667,557.5,651.8333333333334,85.5,9170.666666666666,2874.5,283.8333333333333,304.1666666666667,93.3,213.5,240.66666666666666,88.7,44.833333333333336,74.66666666666667,60.0,1.0833333333333333,0.3833333333333333,10.5,38.0,10.0,2.1666666666666665,610.3333333333334,39.5,9.0,1.6666666666666667,6.5,14.5,16.5,5.333333333333333,1.8333333333333333,1.8333333333333333,0.16666666666666666,2.0,8.333333333333334,25.5,20.666666666666668,1.3333333333333333,1.0,1.5,0.6666666666666666,0.3333333333333333,3.67,2.5,0.16666666666666666,0.16666666666666666,0.8333333333333334,0.0,0.0,12.666666666666666,8.666666666666666,7.166666666666667,3.8333333333333335,1.6666666666666667,7.333333333333333,17.833333333333332,41.1,10.5,14.166666666666666,3.1666666666666665,11.0,8.0,20.666666666666668,20.333333333333332,0.3333333333333333,760.3333333333334,71.16666666666667,258.1666666666667,336.5,170.0,28.166666666666668,760.1666666666666,16.5,8.0,48.5,7.333333333333333,44.4,442.3333333333333,1839.5,924.6666666666666,12.166666666666666,6.333333333333333,12.0,5.5,555.3333333333334,39.166666666666664,0.16666666666666666,9.5,8.166666666666666,2.0,0.16666666666666666,0.0,0.16666666666666666,48.333333333333336,7.5,9.333333333333334,44.6,2024
Barcelona,26.8,61.7,29.0,58.333333333333336,1.83,1.83,3.67,1.83,3.67,1.75,1.5,3.25,1.75,3.25,1.0,21,71.4,0.0,0.0,0.0,0.0,1.1500000000000001,0.34,0.15,55.3,28.333333333333332,3.0,18.8,27.5,5.0,20.0,29.2,8.0,2.1,1.83,23.1,30.0,16.67,5.0,0.11,0.37,17.0,3,0.11,0.08333333333333333,0.08333333333333333,568.0,654.5,86.8,10017.0,2953.0,252.0,275.0,91.6,261.5,288.5,90.6,47.0,68.33333333333333,68.8,1.5166666666666666,0.3333333333333333,12.0,50.833333333333336,9.833333333333334,2.0,609.1666666666666,44.5,13.166666666666666,1.5,6.833333333333333,21.5,18.333333333333332,6.0,2.0,1.5,0.0,0.8333333333333334,9.166666666666666,28.17,21.166666666666668,1.3333333333333333,2.5,2.1666666666666665,0.6666666666666666,0.3333333333333333,3.17,2.3333333333333335,0.16666666666666666,0.16666666666666666,0.3333333333333333,0.16666666666666666,0.0,13.0,8.666666666666666,4.166666666666667,5.833333333333333,3.0,5.5,12.166666666666666,45.2,6.666666666666667,10.833333333333334,2.5,8.333333333333334,6.666666666666667,19.666666666666668,12.666666666666666,0.5,755.3333333333334,52.666666666666664,166.5,361.1666666666667,233.5,32.666666666666664,755.3333333333334,29.0,14.0,48.3,10.0,34.5,500.0,2584.8333333333335,1438.1666666666667,21.666666666666668,9.666666666666666,14.166666666666666,9.666666666666666,563.6666666666666,57.833333333333336,0.16666666666666666,10.833333333333334,10.5,0.8333333333333334,0.0,0.0,0.0,47.833333333333336,11.333333333333334,8.666666666666666,56.7,2024
Bayern Munich,27.7,57.7,25.5,50.666666666666664,2.0,1.67,3.67,1.83,3.5,1.54,1.26,2.81,1.42,2.69,1.0,18,72.2,0.0,0.0,0.0,0.0,1.3,0.39,0.3,47.2,37.5,4.166666666666667,30.2,30.1,7.166666666666667,9.3,20.0,9.0,3.7,1.67,29.0,34.1,13.67,4.67,0.13,0.39,15.9,3,0.11,0.45,0.4166666666666667,533.1666666666666,622.6666666666666,85.6,9732.0,3096.1666666666665,212.83333333333334,234.0,91.0,257.8333333333333,283.5,90.9,53.0,80.66666666666667,65.7,1.5166666666666666,0.39999999999999997,11.166666666666666,43.5,10.0,0.6666666666666666,577.0,43.5,9.833333333333334,3.6666666666666665,4.166666666666667,15.333333333333334,18.833333333333332,5.666666666666667,2.5,2.6666666666666665,0.0,2.1666666666666665,9.833333333333334,25.17,19.166666666666668,2.0,1.1666666666666667,2.0,0.8333333333333334,0.0,3.67,2.6666666666666665,0.3333333333333333,0.3333333333333333,0.16666666666666666,0.16666666666666666,0.0,17.0,11.0,7.833333333333333,6.666666666666667,2.5,8.333333333333334,18.833333333333332,44.2,10.5,11.666666666666666,2.5,9.166666666666666,8.5,25.5,13.0,0.3333333333333333,727.1666666666666,67.83333333333333,236.5,311.5,188.33333333333334,27.333333333333332,727.0,23.666666666666668,13.5,57.0,9.0,38.0,467.0,2424.6666666666665,1339.6666666666667,19.0,5.333333333333333,18.5,9.666666666666666,529.3333333333334,50.0,0.0,9.5,9.5,2.1666666666666665,0.0,0.16666666666666666,0.0,55.333333333333336,10.833333333333334,9.333333333333334,53.7,2024
Benfica,26.7,49.0,17.333333333333332,35.0,1.17,0.67,1.83,1.17,1.83,1.31,0.89,2.19,1.31,2.19,1.83,34,73.5,0.0,0.0,0.3333333333333333,0.0,2.433333333333333,0.37,0.6,39.7,23.333333333333332,4.0,26.4,28.5,9.166666666666666,38.2,35.3,12.0,4.2,1.0,12.1,38.0,11.83,4.5,0.1,0.26,16.8,1,0.11,-0.13333333333333333,-0.13333333333333333,398.3333333333333,502.8333333333333,79.2,6808.0,2523.6666666666665,188.66666666666666,216.5,87.1,154.0,185.16666666666666,83.2,38.666666666666664,66.33333333333333,58.3,1.0,-0.21666666666666667,8.333333333333334,30.666666666666668,6.333333333333333,1.0,447.8333333333333,53.5,15.166666666666666,1.0,3.1666666666666665,15.5,22.333333333333332,4.0,2.8333333333333335,0.6666666666666666,0.0,1.5,10.333333333333334,20.67,15.0,2.0,0.8333333333333334,1.6666666666666667,0.8333333333333334,0.3333333333333333,2.17,1.8333333333333333,0.0,0.16666666666666666,0.0,0.0,0.16666666666666666,21.5,13.0,11.666666666666666,7.666666666666667,2.1666666666666665,12.166666666666666,24.166666666666668,50.3,12.0,12.333333333333334,3.8333333333333335,8.5,8.666666666666666,30.166666666666668,19.0,0.3333333333333333,626.1666666666666,72.5,206.0,276.1666666666667,150.33333333333334,21.666666666666668,626.0,21.333333333333332,10.0,46.9,9.0,42.2,365.8333333333333,1945.8333333333333,865.1666666666666,15.166666666666666,4.166666666666667,12.833333333333334,11.833333333333334,396.1666666666667,34.833333333333336,0.0,8.166666666666666,12.5,1.5,0.0,0.6666666666666666,0.0,56.666666666666664,12.5,14.666666666666666,46.0,2024
Braga,28.1,53.2,18.666666666666668,46.0,1.0,1.0,2.0,1.0,2.0,1.38,0.93,2.32,1.25,2.19,2.0,32,62.5,0.0,0.0,0.16666666666666666,0.3333333333333333,1.7666666666666666,0.33,0.1,36.6,28.833333333333332,4.5,28.9,31.0,6.666666666666667,52.5,37.9,13.666666666666666,1.2,1.5,17.5,22.5,14.83,3.33,0.07,0.3,17.0,2,0.09,-0.3833333333333333,-0.25,474.6666666666667,561.8333333333334,84.5,8276.5,2818.3333333333335,219.16666666666666,239.0,91.7,194.66666666666666,214.83333333333334,90.6,47.833333333333336,78.66666666666667,60.8,1.3833333333333335,0.06666666666666667,11.833333333333334,40.166666666666664,10.0,3.5,514.3333333333334,46.5,14.833333333333334,0.6666666666666666,3.6666666666666665,22.333333333333332,16.166666666666668,5.833333333333333,2.3333333333333335,2.3333333333333335,0.0,1.0,8.166666666666666,26.67,20.166666666666668,2.1666666666666665,1.0,1.6666666666666667,1.1666666666666667,0.5,1.83,1.3333333333333333,0.16666666666666666,0.0,0.16666666666666666,0.0,0.16666666666666666,18.166666666666668,10.166666666666666,8.666666666666666,7.0,2.5,9.333333333333334,18.666666666666668,50.0,9.333333333333334,10.833333333333334,3.1666666666666665,7.666666666666667,7.5,25.666666666666668,15.833333333333334,0.16666666666666666,670.1666666666666,62.833333333333336,183.5,318.6666666666667,172.83333333333334,27.0,670.0,17.166666666666668,8.833333333333334,51.5,7.0,40.8,431.6666666666667,2128.5,1046.1666666666667,15.666666666666666,4.0,13.166666666666666,8.833333333333334,472.0,45.5,0.0,10.333333333333334,11.0,1.0,0.16666666666666666,0.0,0.3333333333333333,46.5,10.0,15.0,40.0,2024
Celtic,26.7,46.2,10.5,34.833333333333336,0.83,0.67,1.5,0.67,1.33,0.82,0.62,1.44,0.69,1.31,2.5,38,60.5,100.0,0.16666666666666666,0.3333333333333333,0.0,2.216666666666667,0.31,-0.28,36.7,32.0,6.0,12.0,23.8,8.666666666666666,13.5,22.4,14.0,1.2,0.17,5.9,47.8,7.67,3.67,0.09,0.18,14.0,0,0.1,0.016666666666666666,-0.016666666666666666,461.6666666666667,543.0,85.0,7912.666666666667,2610.0,207.66666666666666,228.5,90.9,216.33333333333334,240.66666666666666,89.9,31.5,53.666666666666664,58.7,0.65,0.049999999999999996,6.0,25.5,4.666666666666667,0.8333333333333334,491.8333333333333,49.666666666666664,15.166666666666666,1.6666666666666667,0.8333333333333334,10.0,20.333333333333332,2.1666666666666665,0.6666666666666666,0.6666666666666666,0.16666666666666666,1.5,8.5,12.5,9.833333333333334,0.6666666666666666,0.5,0.8333333333333334,0.5,0.16666666666666666,1.67,1.1666666666666667,0.0,0.16666666666666666,0.16666666666666666,0.16666666666666666,0.0,13.333333333333334,8.166666666666666,7.5,4.666666666666667,1.1666666666666667,8.0,16.166666666666668,49.5,8.166666666666666,12.666666666666666,5.0,7.666666666666667,7.5,20.833333333333332,20.0,0.0,641.3333333333334,87.0,266.6666666666667,281.8333333333333,96.83333333333333,10.833333333333334,641.3333333333334,15.333333333333334,6.333333333333333,41.3,6.833333333333333,44.6,380.5,1731.8333333333333,793.5,8.166666666666666,1.3333333333333333,15.333333333333334,7.666666666666667,446.8333333333333,29.833333333333332,0.16666666666666666,8.5,11.833333333333334,1.6666666666666667,0.16666666666666666,0.3333333333333333,0.0,41.0,9.5,7.0,57.6,2024
Dortmund,27.8,44.0,18.0,31.5,1.17,1.0,2.17,1.0,2.0,1.33,0.9,2.23,1.2,2.09,0.67,22,86.4,50.0,0.0,0.0,0.0,1.3166666666666667,0.27,0.66,48.6,28.0,3.0,29.2,31.0,9.666666666666666,36.2,35.4,15.166666666666666,3.3,0.0,6.9,31.3,13.83,4.33,0.07,0.23,19.1,2,0.09,-0.16666666666666666,-0.19999999999999998,342.8333333333333,434.3333333333333,78.9,6101.833333333333,2481.5,159.83333333333334,185.16666666666666,86.3,134.0,156.5,85.6,38.333333333333336,65.0,59.0,0.7333333333333334,0.09999999999999999,11.166666666666666,26.5,6.833333333333333,1.0,385.5,46.666666666666664,10.666666666666666,0.3333333333333333,4.0,13.666666666666666,19.0,5.666666666666667,2.5,2.6666666666666665,0.0,2.1666666666666665,11.666666666666666,24.33,18.5,2.1666666666666665,1.5,1.3333333333333333,0.8333333333333334,0.0,2.17,1.8333333333333333,0.0,0.16666666666666666,0.0,0.16666666666666666,0.0,23.0,13.166666666666666,13.5,8.0,1.5,12.5,22.0,56.8,9.5,14.833333333333334,4.666666666666667,10.166666666666666,10.166666666666666,33.166666666666664,22.833333333333332,0.16666666666666666,559.3333333333334,73.0,208.16666666666666,232.33333333333334,125.5,19.333333333333332,559.1666666666666,16.666666666666668,7.666666666666667,46.0,7.5,45.0,338.0,1969.0,936.5,13.0,4.333333333333333,12.833333333333334,7.666666666666667,338.1666666666667,31.333333333333332,0.0,11.0,10.0,2.1666666666666665,0.16666666666666666,0.3333333333333333,0.0,52.833333333333336,10.5,8.0,56.8,2024
FC Copenhagen,27.9,42.8,15.166666666666666,28.333333333333332,1.33,0.83,2.17,1.17,2.0,1.27,0.84,2.11,1.05,1.89,1.33,29,75.9,0.0,0.0,0.16666666666666666,0.0,1.5166666666666666,0.3,0.18,35.6,29.666666666666668,5.333333333333333,37.6,35.1,9.0,63.0,49.2,20.0,5.0,0.5,9.9,34.3,11.17,3.83,0.1,0.3,18.5,1,0.1,0.06666666666666667,0.11666666666666665,365.8333333333333,468.1666666666667,78.1,6123.666666666667,2226.0,179.16666666666666,205.66666666666666,87.1,134.33333333333334,160.66666666666666,83.6,35.666666666666664,67.16666666666667,53.1,0.9333333333333332,0.0,8.333333333333334,25.666666666666668,7.333333333333333,3.0,421.6666666666667,45.5,9.333333333333334,0.6666666666666666,2.5,14.5,21.5,3.3333333333333335,1.6666666666666667,1.1666666666666667,0.16666666666666666,1.0,9.0,20.5,14.166666666666666,1.3333333333333333,2.3333333333333335,2.1666666666666665,0.5,0.0,2.33,2.1666666666666665,0.0,0.0,0.16666666666666666,0.0,0.0,19.166666666666668,11.0,11.666666666666666,4.166666666666667,3.3333333333333335,11.166666666666666,21.166666666666668,52.8,10.0,13.5,4.0,9.5,8.833333333333334,28.0,26.166666666666668,0.3333333333333333,591.0,75.66666666666667,234.0,224.66666666666666,138.5,19.666666666666668,590.6666666666666,18.333333333333332,9.166666666666666,50.0,8.333333333333334,45.5,323.6666666666667,1540.3333333333333,805.1666666666666,10.5,3.5,16.5,8.333333333333334,362.8333333333333,28.166666666666668,0.3333333333333333,9.5,7.5,1.0,0.16666666666666666,0.16666666666666666,0.0,50.166666666666664,14.666666666666666,18.0,44.9,2024
Feyenoord,24.5,54.8,19.666666666666668,51.666666666666664,1.33,0.83,2.17,1.33,2.17,1.77,1.14,2.91,1.64,2.78,1.67,21,61.9,0.0,0.0,0.3333333333333333,0.3333333333333333,1.5833333333333333,0.36,0.25,23.3,35.5,3.5,12.2,22.5,6.0,11.1,18.4,7.0,2.4,2.0,10.5,33.3,15.0,5.0,0.09,0.27,17.2,4,0.12,-0.43333333333333335,-0.3,515.1666666666666,608.1666666666666,84.7,8824.833333333334,2735.6666666666665,223.83333333333334,247.16666666666666,90.6,247.16666666666666,272.0,90.9,34.833333333333336,60.666666666666664,57.4,1.3833333333333335,-0.31666666666666665,10.666666666666666,39.833333333333336,11.333333333333334,1.1666666666666667,561.3333333333334,44.666666666666664,9.0,2.6666666666666665,2.6666666666666665,18.833333333333332,19.666666666666668,7.5,4.5,1.5,0.0,2.1666666666666665,11.5,26.0,18.666666666666668,2.1666666666666665,1.3333333333333333,1.6666666666666667,1.5,0.6666666666666666,2.33,1.5,0.16666666666666666,0.0,0.5,0.16666666666666666,0.0,16.5,11.166666666666666,6.833333333333333,6.5,3.1666666666666665,8.5,15.333333333333334,55.4,6.833333333333333,10.666666666666666,2.8333333333333335,7.833333333333333,8.333333333333334,24.833333333333332,9.666666666666666,0.3333333333333333,712.8333333333334,59.833333333333336,221.0,327.1666666666667,170.5,26.333333333333332,712.6666666666666,21.833333333333332,12.833333333333334,58.8,7.333333333333333,33.6,457.1666666666667,2120.8333333333335,1135.6666666666667,14.5,5.0,16.0,8.333333333333334,511.5,51.5,0.0,12.166666666666666,8.0,2.1666666666666665,0.16666666666666666,0.3333333333333333,0.3333333333333333,52.5,7.333333333333333,6.833333333333333,51.8,2024
Galatasaray,28.9,53.2,16.5,45.166666666666664,1.67,1.0,2.67,1.5,2.5,1.64,1.09,2.72,1.37,2.46,2.17,25,48.0,0.0,0.0,0.0,0.0,1.95,0.47,-0.21,46.5,33.0,4.666666666666667,27.3,29.3,7.166666666666667,39.5,35.7,11.0,4.5,5.0,23.7,27.8,15.0,4.17,0.1,0.36,16.6,2,0.1,0.03333333333333333,0.13333333333333333,395.8333333333333,514.5,76.9,6862.5,2555.5,181.66666666666666,212.0,85.7,163.83333333333334,199.0,82.3,38.5,71.0,54.2,1.2166666666666666,-0.08333333333333333,11.833333333333334,33.0,9.666666666666666,3.1666666666666665,458.8333333333333,53.5,14.5,2.8333333333333335,2.8333333333333335,22.5,23.333333333333332,5.333333333333333,2.6666666666666665,1.6666666666666667,0.0,2.1666666666666665,12.166666666666666,27.17,19.5,2.6666666666666665,1.0,2.3333333333333335,1.1666666666666667,0.5,3.0,2.3333333333333335,0.0,0.16666666666666666,0.0,0.5,0.0,20.0,12.666666666666666,9.5,7.166666666666667,3.3333333333333335,10.666666666666666,21.5,49.6,10.833333333333334,11.5,3.1666666666666665,8.333333333333334,10.166666666666666,30.166666666666668,19.666666666666668,0.8333333333333334,631.1666666666666,54.5,184.66666666666666,291.1666666666667,163.16666666666666,23.333333333333332,630.8333333333334,20.0,8.333333333333334,41.7,8.5,42.5,397.6666666666667,2025.6666666666667,1040.8333333333333,16.166666666666668,3.6666666666666665,17.666666666666668,7.166666666666667,392.8333333333333,45.166666666666664,0.0,12.0,11.833333333333334,2.1666666666666665,0.3333333333333333,0.0,0.0,61.166666666666664,15.0,18.0,45.5,2024
Inter,29.4,52.0,17.833333333333332,36.166666666666664,1.33,0.67,2.0,0.83,1.5,2.05,1.32,3.38,1.67,2.99,0.83,25,80.0,0.0,0.0,0.0,0.0,1.05,0.25,0.22,25.6,32.833333333333336,3.6666666666666665,17.3,23.7,6.5,12.8,26.3,12.5,5.3,0.67,18.3,29.3,13.67,4.0,0.06,0.21,16.6,3,0.13,-0.7166666666666667,-0.8333333333333334,430.5,527.1666666666666,81.7,7698.166666666667,2427.0,184.83333333333334,212.33333333333334,87.0,195.5,222.0,88.1,41.833333333333336,68.5,61.1,1.0666666666666667,-0.65,11.0,25.166666666666668,9.0,3.6666666666666665,479.1666666666667,45.5,13.5,1.5,5.0,20.5,19.333333333333332,4.333333333333333,1.3333333333333333,1.8333333333333333,0.16666666666666666,2.5,11.5,24.83,16.5,2.5,1.6666666666666667,2.5,1.6666666666666667,0.0,2.17,1.3333333333333333,0.0,0.0,0.5,0.3333333333333333,0.0,14.833333333333334,8.833333333333334,7.0,6.5,1.3333333333333333,5.333333333333333,13.333333333333334,40.0,8.0,10.0,2.8333333333333335,7.166666666666667,6.833333333333333,21.666666666666668,17.833333333333332,0.16666666666666666,632.3333333333334,74.0,245.66666666666666,264.3333333333333,128.5,22.333333333333332,631.8333333333334,16.833333333333332,7.166666666666667,42.6,7.333333333333333,43.6,357.1666666666667,1919.1666666666667,953.3333333333334,13.833333333333334,2.6666666666666665,14.5,7.333333333333333,426.8333333333333,36.0,0.0,9.833333333333334,13.333333333333334,2.5,0.3333333333333333,0.0,0.0,51.5,13.666666666666666,12.666666666666666,51.9,2024
Lazio,29.4,45.7,15.666666666666666,43.833333333333336,1.17,0.83,2.0,1.0,1.83,1.43,0.98,2.41,1.29,2.28,1.17,24,70.8,0.0,0.0,0.0,0.0,1.3333333333333333,0.36,0.17,34.2,24.166666666666668,3.8333333333333335,19.3,28.1,6.166666666666667,27.0,27.3,9.833333333333334,1.7,1.17,19.3,30.3,12.67,3.83,0.08,0.26,18.9,3,0.1,-0.26666666666666666,-0.3,468.5,555.1666666666666,84.4,7956.666666666667,2669.3333333333335,223.33333333333334,246.5,90.6,199.16666666666666,221.66666666666666,89.8,38.5,63.0,61.1,0.9333333333333332,-0.15,9.666666666666666,31.833333333333332,7.5,1.6666666666666667,510.3333333333333,43.166666666666664,12.833333333333334,1.1666666666666667,2.5,14.0,16.666666666666668,5.333333333333333,2.5,1.8333333333333333,0.0,1.6666666666666667,11.666666666666666,22.67,17.0,1.8333333333333333,1.3333333333333333,1.0,1.0,0.5,2.0,1.1666666666666667,0.0,0.3333333333333333,0.3333333333333333,0.16666666666666666,0.0,15.0,9.5,5.5,8.0,1.5,6.833333333333333,15.666666666666666,43.6,8.833333333333334,11.0,3.3333333333333335,7.666666666666667,10.0,25.0,16.333333333333332,0.0,653.0,63.166666666666664,208.83333333333334,315.3333333333333,133.33333333333334,17.5,652.8333333333334,15.333333333333334,7.333333333333333,47.8,6.5,42.4,390.0,1938.0,952.0,14.5,3.8333333333333335,13.5,4.833333333333333,465.8333333333333,43.5,0.0,11.333333333333334,11.833333333333334,1.6666666666666667,0.16666666666666666,0.0,0.0,47.833333333333336,6.833333333333333,8.166666666666666,45.6,2024
Lens,27.6,44.2,15.5,30.833333333333332,1.0,0.67,1.67,0.83,1.5,1.01,0.72,1.73,0.88,1.6,1.83,32,71.9,0.0,0.0,0.16666666666666666,0.0,1.6666666666666667,0.25,-0.16,46.5,27.5,4.5,41.8,36.5,7.5,37.8,31.7,13.833333333333334,8.4,1.17,14.6,25.4,9.83,2.5,0.08,0.33,16.8,2,0.09,-0.016666666666666666,-0.049999999999999996,334.1666666666667,434.8333333333333,76.8,5690.666666666667,2335.0,160.33333333333334,190.16666666666666,84.3,128.0,157.83333333333334,81.1,32.166666666666664,57.666666666666664,55.8,0.6833333333333332,-0.049999999999999996,8.0,25.166666666666668,6.833333333333333,2.3333333333333335,380.3333333333333,51.5,14.666666666666666,1.6666666666666667,2.3333333333333335,17.0,23.166666666666668,3.3333333333333335,0.5,2.3333333333333335,0.0,3.0,10.333333333333334,18.17,13.5,1.8333333333333333,0.5,0.8333333333333334,1.1666666666666667,0.3333333333333333,2.0,1.5,0.0,0.0,0.0,0.3333333333333333,0.16666666666666666,18.833333333333332,12.666666666666666,9.333333333333334,8.0,1.5,10.5,17.333333333333332,60.6,6.833333333333333,10.833333333333334,2.3333333333333335,8.5,8.0,26.833333333333332,19.166666666666668,0.3333333333333333,541.8333333333334,65.16666666666667,182.33333333333334,260.8333333333333,103.66666666666667,16.166666666666668,541.6666666666666,14.833333333333334,5.333333333333333,36.0,7.833333333333333,52.8,360.5,2171.8333333333335,869.1666666666666,11.333333333333334,3.1666666666666665,12.666666666666666,9.333333333333334,331.6666666666667,30.666666666666668,0.16666666666666666,12.5,13.833333333333334,3.0,0.16666666666666666,0.3333333333333333,0.0,49.666666666666664,13.666666666666666,12.833333333333334,51.6,2024
Manchester City,26.2,70.5,35.333333333333336,64.5,3.0,2.17,5.17,2.5,4.67,2.84,1.89,4.72,2.45,4.34,1.17,16,56.3,0.0,0.0,0.16666666666666666,0.0,1.0,0.37,-0.17,63.4,41.833333333333336,4.333333333333333,15.9,24.9,2.5,6.7,20.1,6.0,8.3,1.83,21.2,38.0,21.5,8.17,0.12,0.31,15.6,3,0.12,0.16666666666666666,0.049999999999999996,704.1666666666666,770.1666666666666,91.4,11571.166666666666,3301.0,353.8333333333333,373.0,94.9,285.5,303.6666666666667,94.0,51.833333333333336,65.5,79.1,2.3833333333333333,0.2833333333333333,17.0,58.333333333333336,15.166666666666666,2.1666666666666665,727.1666666666666,41.833333333333336,15.5,3.6666666666666665,4.0,14.0,16.0,5.666666666666667,1.0,2.0,0.3333333333333333,1.1666666666666667,8.333333333333334,40.67,31.166666666666668,2.0,3.0,3.0,1.5,0.0,5.83,4.333333333333333,0.0,0.5,0.3333333333333333,0.6666666666666666,0.0,9.166666666666666,5.0,3.5,4.166666666666667,1.5,4.5,9.166666666666666,49.1,4.666666666666667,5.666666666666667,1.0,4.666666666666667,5.0,14.166666666666666,9.666666666666666,0.0,853.6666666666666,45.5,163.0,425.1666666666667,272.1666666666667,44.0,853.1666666666666,22.5,11.666666666666666,51.9,7.5,33.3,596.0,3410.3333333333335,1899.1666666666667,26.5,10.833333333333334,12.333333333333334,8.333333333333334,693.8333333333334,63.5,0.0,7.0,13.833333333333334,1.1666666666666667,0.5,0.0,0.0,44.166666666666664,6.666666666666667,4.666666666666667,58.8,2024
Manchester Utd,26.8,46.3,17.0,35.666666666666664,2.0,1.5,3.5,1.83,3.33,1.75,1.18,2.94,1.62,2.8,2.5,35,62.9,33.3,0.3333333333333333,0.16666666666666666,0.0,2.15,0.29,-0.34,41.5,31.666666666666668,4.333333333333333,42.6,34.6,6.5,33.3,26.8,12.833333333333334,2.6,0.33,9.0,37.1,11.67,4.33,0.16,0.42,16.0,2,0.14,0.25,0.21666666666666667,375.6666666666667,468.8333333333333,80.1,6573.5,2396.3333333333335,174.5,197.83333333333334,88.2,154.5,178.83333333333334,86.4,35.166666666666664,67.83333333333333,51.8,1.1666666666666667,0.31666666666666665,8.166666666666666,25.0,6.833333333333333,1.3333333333333333,421.3333333333333,46.333333333333336,11.666666666666666,1.5,4.0,13.833333333333334,20.166666666666668,4.5,0.8333333333333334,2.1666666666666665,0.0,1.1666666666666667,8.5,20.33,16.0,1.3333333333333333,1.1666666666666667,0.6666666666666666,1.0,0.16666666666666666,3.33,2.6666666666666665,0.3333333333333333,0.0,0.16666666666666666,0.16666666666666666,0.0,12.666666666666666,8.333333333333334,6.5,5.166666666666667,1.0,5.333333333333333,14.333333333333334,37.2,9.0,13.833333333333334,4.0,9.833333333333334,9.5,22.166666666666668,16.166666666666668,0.8333333333333334,574.0,65.16666666666667,193.16666666666666,254.66666666666666,133.5,21.0,573.8333333333334,20.833333333333332,9.333333333333334,44.8,9.666666666666666,46.4,337.0,1925.6666666666667,926.0,12.333333333333334,5.5,14.333333333333334,8.166666666666666,370.6666666666667,35.5,0.16666666666666666,10.833333333333334,9.5,1.1666666666666667,0.0,0.6666666666666666,0.0,47.666666666666664,13.5,8.666666666666666,60.9,2024
Milan,26.8,43.7,22.0,34.0,0.83,0.83,1.67,0.83,1.67,1.6,1.24,2.84,1.48,2.72,1.33,27,74.1,0.0,0.0,0.3333333333333333,0.0,1.1500000000000001,0.22,-0.19,52.4,23.666666666666668,5.166666666666667,33.8,30.8,7.833333333333333,31.9,36.1,11.666666666666666,5.7,1.5,3.0,28.7,15.67,4.5,0.05,0.19,16.9,4,0.1,-0.7666666666666666,-0.65,328.0,405.6666666666667,80.9,5970.333333333333,2287.6666666666665,142.5,160.83333333333334,88.6,138.33333333333334,162.0,85.4,38.5,60.333333333333336,63.8,1.0333333333333334,-0.39999999999999997,12.0,25.833333333333332,8.333333333333334,2.8333333333333335,358.3333333333333,46.166666666666664,13.166666666666666,0.8333333333333334,1.6666666666666667,17.166666666666668,16.833333333333332,6.0,1.6666666666666667,3.3333333333333335,0.16666666666666666,1.1666666666666667,7.333333333333333,29.17,20.333333333333332,2.8333333333333335,2.8333333333333335,2.3333333333333335,0.8333333333333334,0.0,1.5,1.0,0.0,0.16666666666666666,0.3333333333333333,0.0,0.0,17.666666666666668,10.166666666666666,9.0,6.166666666666667,2.5,8.0,15.166666666666666,52.7,7.166666666666667,10.833333333333334,3.3333333333333335,7.5,7.0,24.666666666666668,17.833333333333332,0.16666666666666666,519.5,59.5,169.83333333333334,225.83333333333334,130.83333333333334,23.666666666666668,519.3333333333334,23.5,11.666666666666666,49.6,8.5,36.2,328.8333333333333,2030.5,1059.1666666666667,14.333333333333334,4.833333333333333,15.666666666666666,8.166666666666666,325.1666666666667,33.666666666666664,0.0,11.833333333333334,12.166666666666666,1.1666666666666667,0.0,0.16666666666666666,0.0,44.5,10.333333333333334,9.833333333333334,51.2,2024
Napoli,27.4,54.3,21.666666666666668,45.333333333333336,1.33,0.5,1.83,1.17,1.67,1.39,1.04,2.44,1.27,2.32,1.5,29,69.0,0.0,0.0,0.0,0.16666666666666666,1.1166666666666667,0.23,-0.21,51.5,20.5,4.0,11.4,26.1,9.666666666666666,32.8,31.6,17.0,0.0,1.5,17.2,30.7,14.67,4.5,0.08,0.26,17.0,2,0.09,-0.06666666666666667,-0.09999999999999999,492.3333333333333,585.1666666666666,84.1,8214.0,2772.3333333333335,247.16666666666666,274.0,90.2,189.0,217.16666666666666,87.0,44.5,67.33333333333333,66.1,1.3833333333333335,-0.5499999999999999,11.5,29.666666666666668,9.833333333333334,1.3333333333333333,530.8333333333334,53.166666666666664,13.666666666666666,2.1666666666666665,5.0,18.666666666666668,19.333333333333332,8.0,3.5,2.6666666666666665,0.0,1.1666666666666667,7.166666666666667,27.33,20.333333333333332,1.8333333333333333,2.8333333333333335,1.3333333333333333,1.0,0.0,2.33,1.5,0.0,0.3333333333333333,0.5,0.0,0.0,14.833333333333334,7.833333333333333,7.5,6.0,1.3333333333333333,7.0,15.166666666666666,46.2,8.166666666666666,11.166666666666666,3.6666666666666665,7.5,8.166666666666666,23.0,20.166666666666668,0.16666666666666666,695.3333333333334,67.0,196.0,339.0,167.0,26.5,695.1666666666666,23.5,11.333333333333334,48.2,9.5,40.4,409.3333333333333,2206.0,1093.3333333333333,14.833333333333334,5.833333333333333,13.5,7.833333333333333,489.6666666666667,44.833333333333336,0.0,11.0,12.666666666666666,1.1666666666666667,0.0,0.0,0.16666666666666666,46.166666666666664,15.166666666666666,13.5,52.9,2024
Newcastle Utd,28.0,45.5,15.333333333333334,38.666666666666664,1.0,0.83,1.83,1.0,1.83,0.99,0.7,1.68,0.99,1.68,1.17,32,81.3,0.0,0.0,0.16666666666666666,0.0,1.8499999999999999,0.33,0.69,36.2,18.833333333333332,5.5,30.1,28.5,8.333333333333334,70.0,51.0,13.166666666666666,7.6,1.0,14.0,40.3,10.33,4.17,0.1,0.24,18.2,4,0.1,0.016666666666666666,0.016666666666666666,336.6666666666667,424.0,79.4,6064.5,2306.5,151.0,173.0,87.3,143.5,167.16666666666666,85.8,35.666666666666664,65.33333333333333,54.6,0.8833333333333333,0.13333333333333333,7.5,23.666666666666668,7.666666666666667,1.0,375.5,47.5,15.166666666666666,1.1666666666666667,2.6666666666666665,13.333333333333334,17.833333333333332,4.0,1.6666666666666667,1.0,0.6666666666666666,1.0,8.833333333333334,17.83,13.5,1.5,0.5,0.8333333333333334,1.1666666666666667,0.3333333333333333,1.67,1.3333333333333333,0.0,0.0,0.3333333333333333,0.0,0.0,16.666666666666668,11.833333333333334,8.666666666666666,5.833333333333333,2.1666666666666665,9.0,18.333333333333332,49.1,9.333333333333334,14.666666666666666,5.5,9.166666666666666,6.166666666666667,22.833333333333332,20.5,0.16666666666666666,536.3333333333334,59.333333333333336,170.0,236.5,136.16666666666666,18.333333333333332,536.3333333333334,18.333333333333332,4.833333333333333,26.4,10.0,54.5,299.3333333333333,1789.6666666666667,834.8333333333334,14.666666666666666,2.1666666666666665,13.666666666666666,8.333333333333334,334.1666666666667,38.166666666666664,0.0,11.0,13.333333333333334,1.0,0.0,0.16666666666666666,0.0,48.5,10.0,9.166666666666666,52.2,2024
Paris S-G,25.3,66.8,33.333333333333336,60.666666666666664,1.5,0.83,2.33,1.17,2.0,2.23,1.79,4.02,1.98,3.77,1.33,29,72.4,0.0,0.0,0.0,0.0,1.1833333333333333,0.26,-0.15,51.9,22.5,3.8333333333333335,17.8,25.5,7.666666666666667,6.5,20.0,8.166666666666666,2.0,1.83,20.0,26.7,17.5,4.67,0.07,0.25,18.3,1,0.12,-0.7333333333333334,-0.8166666666666668,591.6666666666666,677.1666666666666,87.4,10239.0,3083.3333333333335,257.1666666666667,283.5,90.7,273.0,297.5,91.8,48.0,69.66666666666667,68.9,1.6333333333333335,-0.9500000000000001,14.833333333333334,49.0,13.5,1.8333333333333333,624.8333333333334,50.0,11.166666666666666,1.6666666666666667,2.8333333333333335,18.833333333333332,21.5,7.333333333333333,0.8333333333333334,3.0,0.0,2.3333333333333335,10.333333333333334,32.0,25.333333333333332,1.3333333333333333,2.6666666666666665,1.5,0.6666666666666666,0.5,2.0,1.1666666666666667,0.0,0.3333333333333333,0.5,0.0,0.0,15.166666666666666,8.333333333333334,7.166666666666667,5.666666666666667,2.3333333333333335,9.0,18.166666666666668,49.5,9.166666666666666,8.5,1.6666666666666667,6.833333333333333,7.166666666666667,22.333333333333332,12.5,0.5,785.0,58.5,197.0,362.0,231.83333333333334,35.833333333333336,784.6666666666666,25.333333333333332,11.0,43.4,12.5,49.3,625.8333333333334,3412.0,1667.0,22.5,11.333333333333334,15.333333333333334,9.833333333333334,587.0,60.333333333333336,0.0,12.5,9.833333333333334,2.3333333333333335,0.0,0.0,0.0,53.5,6.166666666666667,10.0,38.1,2024
Porto,27.1,50.8,17.333333333333332,42.5,2.5,1.83,4.33,2.33,4.17,1.64,1.19,2.82,1.52,2.71,1.33,24,66.7,0.0,0.0,0.0,0.16666666666666666,0.8166666666666668,0.21,-0.36,45.8,34.166666666666664,5.166666666666667,22.0,29.8,6.666666666666667,35.0,34.5,8.666666666666666,7.7,2.33,19.7,47.1,14.17,6.67,0.16,0.35,16.5,0,0.11,0.8666666666666667,0.8166666666666668,416.6666666666667,500.1666666666667,83.3,7343.333333333333,2536.6666666666665,180.33333333333334,203.83333333333334,88.5,177.5,198.33333333333334,89.5,42.5,66.0,64.4,1.4333333333333333,0.65,11.0,28.666666666666668,11.5,2.1666666666666665,453.0,45.5,14.5,2.0,3.8333333333333335,12.5,18.333333333333332,3.6666666666666665,0.8333333333333334,1.0,0.16666666666666666,1.6666666666666667,8.666666666666666,26.0,19.333333333333332,2.0,1.6666666666666667,1.3333333333333333,0.8333333333333334,0.8333333333333334,4.0,2.3333333333333335,0.16666666666666666,0.3333333333333333,0.5,0.16666666666666666,0.5,19.0,10.333333333333334,8.833333333333334,7.166666666666667,3.0,7.666666666666667,17.0,45.1,9.333333333333334,10.5,3.0,7.5,8.166666666666666,27.166666666666668,16.166666666666668,0.6666666666666666,614.0,69.33333333333333,198.16666666666666,277.1666666666667,144.0,28.333333333333332,613.8333333333334,20.333333333333332,9.166666666666666,45.1,9.0,44.3,403.5,1976.0,960.1666666666666,10.166666666666666,4.5,15.0,6.166666666666667,412.8333333333333,41.666666666666664,0.0,10.0,13.0,1.6666666666666667,0.16666666666666666,0.0,0.16666666666666666,49.166666666666664,13.0,9.833333333333334,56.9,2024
PSV Eindhoven,26.2,51.2,21.166666666666668,39.666666666666664,1.17,0.83,2.0,1.0,1.83,1.31,0.91,2.22,1.18,2.09,1.67,22,54.5,0.0,0.0,0.16666666666666666,0.0,1.3666666666666665,0.38,-0.3,38.2,26.833333333333332,3.1666666666666665,35.4,31.9,8.5,37.3,32.7,11.333333333333334,1.5,0.83,19.1,34.0,15.67,5.33,0.06,0.19,17.9,2,0.08,-0.15,-0.18333333333333335,382.3333333333333,479.1666666666667,79.8,6792.333333333333,2439.5,170.66666666666666,194.5,87.7,159.0,182.5,87.1,41.333333333333336,74.33333333333333,55.6,1.1666666666666667,-0.08333333333333333,13.0,32.0,7.333333333333333,2.6666666666666665,428.6666666666667,48.5,12.333333333333334,1.8333333333333333,2.8333333333333335,18.0,20.333333333333332,4.666666666666667,1.6666666666666667,1.8333333333333333,0.0,2.0,8.166666666666666,29.0,22.166666666666668,2.3333333333333335,1.8333333333333333,1.1666666666666667,1.0,0.5,2.17,1.8333333333333333,0.0,0.0,0.16666666666666666,0.16666666666666666,0.0,16.166666666666668,10.666666666666666,8.333333333333334,6.166666666666667,1.6666666666666667,8.666666666666666,17.0,51.0,8.333333333333334,12.666666666666666,3.5,9.166666666666666,7.666666666666667,23.833333333333332,12.5,0.0,588.8333333333334,61.0,191.16666666666666,255.66666666666666,146.33333333333334,22.333333333333332,588.6666666666666,20.666666666666668,11.666666666666666,56.5,7.166666666666667,34.7,350.6666666666667,2070.0,1091.0,14.333333333333334,6.666666666666667,16.333333333333332,8.333333333333334,378.3333333333333,39.166666666666664,0.0,11.666666666666666,10.0,2.0,0.16666666666666666,0.0,0.0,51.666666666666664,12.666666666666666,14.333333333333334,46.9,2024
RB Leipzig,26.1,46.0,19.833333333333332,26.0,2.17,2.0,4.17,2.17,4.17,1.63,1.31,2.94,1.63,2.94,1.67,24,58.3,0.0,0.0,0.0,0.16666666666666666,1.4833333333333334,0.38,-0.01,53.1,39.333333333333336,3.1666666666666665,16.5,24.5,8.5,19.6,27.4,11.833333333333334,0.0,0.83,8.0,31.1,15.0,4.67,0.14,0.46,18.2,4,0.11,0.5333333333333333,0.5333333333333333,381.3333333333333,469.6666666666667,81.2,6503.166666666667,2418.0,176.16666666666666,200.66666666666666,87.8,163.16666666666666,184.66666666666666,88.4,32.666666666666664,57.833333333333336,56.5,0.8166666666666668,0.6833333333333332,11.833333333333334,21.666666666666668,7.166666666666667,1.6666666666666667,419.3333333333333,47.833333333333336,14.5,1.8333333333333333,3.0,13.5,16.666666666666668,5.5,1.6666666666666667,2.0,0.0,2.5,11.333333333333334,27.0,19.0,1.6666666666666667,2.3333333333333335,2.3333333333333335,1.1666666666666667,0.5,4.17,2.5,0.16666666666666666,0.8333333333333334,0.3333333333333333,0.0,0.3333333333333333,18.5,11.166666666666666,10.666666666666666,5.666666666666667,2.1666666666666665,9.833333333333334,20.666666666666668,47.6,10.833333333333334,11.833333333333334,3.3333333333333335,8.5,9.833333333333334,28.333333333333332,18.0,0.8333333333333334,583.1666666666666,82.33333333333333,244.16666666666666,228.83333333333334,116.33333333333333,18.5,583.1666666666666,14.666666666666666,7.833333333333333,53.4,4.833333333333333,33.0,352.8333333333333,1781.5,935.5,13.5,5.166666666666667,13.333333333333334,5.833333333333333,378.3333333333333,26.0,0.0,10.5,12.333333333333334,2.5,0.0,0.0,0.16666666666666666,48.833333333333336,9.333333333333334,10.166666666666666,47.9,2024
RB Salzburg,22.7,43.0,19.333333333333332,33.833333333333336,0.67,0.5,1.17,0.5,1.0,1.23,0.8,2.04,0.99,1.79,1.33,33,81.8,0.0,0.0,0.16666666666666666,0.0,1.6166666666666665,0.23,0.28,38.4,33.666666666666664,3.3333333333333335,32.7,33.4,9.0,37.0,34.5,14.5,3.4,1.17,14.0,31.0,11.83,3.67,0.04,0.14,19.4,1,0.08,-0.5666666666666667,-0.48333333333333334,324.1666666666667,425.5,76.2,6061.166666666667,2248.3333333333335,134.83333333333334,159.16666666666666,84.7,140.16666666666666,168.66666666666666,83.1,40.666666666666664,74.0,55.0,0.8166666666666668,-0.3,8.333333333333334,23.0,7.0,1.5,383.5,40.333333333333336,10.833333333333334,1.1666666666666667,2.1666666666666665,13.5,14.833333333333334,3.3333333333333335,2.6666666666666665,0.0,0.0,1.6666666666666667,9.0,20.83,16.666666666666668,0.5,1.0,1.3333333333333333,0.6666666666666666,0.6666666666666666,1.17,1.0,0.0,0.0,0.16666666666666666,0.0,0.0,19.833333333333332,12.0,10.666666666666666,7.166666666666667,2.0,9.666666666666666,21.333333333333332,45.3,11.666666666666666,16.333333333333332,3.6666666666666665,12.666666666666666,10.0,29.833333333333332,22.5,0.16666666666666666,555.3333333333334,76.33333333333333,210.66666666666666,235.83333333333334,117.33333333333333,20.333333333333332,555.0,18.333333333333332,8.666666666666666,47.3,8.166666666666666,44.5,362.8333333333333,2046.1666666666667,1052.6666666666667,13.333333333333334,4.333333333333333,14.333333333333334,11.0,320.3333333333333,33.5,0.0,13.166666666666666,9.0,1.6666666666666667,0.16666666666666666,0.3333333333333333,0.0,58.0,13.5,16.666666666666668,44.8,2024
Real Madrid,28.2,58.7,28.333333333333332,52.5,2.5,2.17,4.67,2.5,4.67,2.5,1.96,4.46,2.37,4.33,1.17,22,72.7,50.0,0.0,0.16666666666666666,0.0,1.1833333333333333,0.24,0.02,42.9,24.5,5.666666666666667,15.0,27.1,6.666666666666667,15.0,24.8,12.333333333333334,6.8,0.33,12.1,34.1,20.5,7.0,0.12,0.36,16.3,1,0.12,0.0,0.13333333333333333,614.8333333333334,685.1666666666666,89.7,9911.666666666666,3227.5,321.6666666666667,339.5,94.7,230.33333333333334,249.0,92.5,46.333333333333336,65.66666666666667,70.6,1.8166666666666667,0.19999999999999998,17.666666666666668,54.0,12.166666666666666,2.5,640.3333333333334,42.666666666666664,10.166666666666666,1.3333333333333333,4.833333333333333,19.833333333333332,15.333333333333334,8.333333333333334,2.5,3.3333333333333335,0.0,2.1666666666666665,8.5,38.17,29.5,3.3333333333333335,2.5,2.1666666666666665,0.3333333333333333,0.3333333333333333,4.83,4.0,0.0,0.5,0.16666666666666666,0.0,0.16666666666666666,13.166666666666666,8.0,5.666666666666667,5.833333333333333,1.6666666666666667,6.166666666666667,13.5,45.7,7.333333333333333,7.666666666666667,3.5,4.166666666666667,6.666666666666667,19.833333333333332,15.5,0.3333333333333333,788.8333333333334,64.0,196.16666666666666,378.8333333333333,220.5,34.833333333333336,788.6666666666666,20.333333333333332,10.333333333333334,50.8,8.0,39.3,604.6666666666666,2953.8333333333335,1483.6666666666667,21.166666666666668,10.333333333333334,12.833333333333334,10.166666666666666,610.3333333333334,51.666666666666664,0.0,8.833333333333334,8.833333333333334,2.1666666666666665,0.0,0.3333333333333333,0.0,42.666666666666664,10.833333333333334,6.833333333333333,61.3,2024
Real Sociedad,26.2,56.0,19.0,45.833333333333336,1.17,0.83,2.0,1.17,2.0,1.46,1.07,2.53,1.33,2.39,0.33,12,83.3,0.0,0.0,0.0,0.0,0.48333333333333334,0.24,0.14,34.3,28.333333333333332,0.6666666666666666,47.6,39.4,4.333333333333333,80.8,57.3,10.666666666666666,3.1,1.0,17.5,32.5,13.83,4.5,0.08,0.26,17.3,2,0.1,-0.2833333333333333,-0.16666666666666666,438.3333333333333,538.1666666666666,81.4,7948.166666666667,2603.0,182.83333333333334,211.16666666666666,86.6,197.33333333333334,223.5,88.3,46.0,74.5,61.7,0.8833333333333333,-0.2333333333333333,10.833333333333334,33.0,7.0,0.8333333333333334,491.1666666666667,45.666666666666664,11.333333333333334,0.3333333333333333,2.6666666666666665,16.333333333333332,21.833333333333332,6.833333333333333,2.1666666666666665,2.5,0.16666666666666666,1.3333333333333333,10.333333333333334,25.0,17.5,2.6666666666666665,1.8333333333333333,1.6666666666666667,1.0,0.3333333333333333,1.67,0.8333333333333334,0.0,0.6666666666666666,0.16666666666666666,0.0,0.0,18.166666666666668,10.666666666666666,8.333333333333334,6.666666666666667,3.1666666666666665,7.5,12.833333333333334,58.4,5.333333333333333,11.333333333333334,3.0,8.333333333333334,7.166666666666667,25.333333333333332,17.666666666666668,0.16666666666666666,649.1666666666666,56.166666666666664,166.5,320.8333333333333,167.16666666666666,25.0,649.0,24.0,11.166666666666666,46.5,10.166666666666666,42.4,423.1666666666667,2059.1666666666665,915.0,12.666666666666666,7.166666666666667,14.166666666666666,9.5,432.1666666666667,45.333333333333336,0.0,15.166666666666666,8.666666666666666,1.3333333333333333,0.16666666666666666,0.0,0.0,54.666666666666664,21.0,16.666666666666668,55.8,2024
Red Star,27.0,41.2,15.0,31.5,1.0,0.83,1.83,1.0,1.83,1.45,1.1,2.55,1.45,2.55,2.5,45,71.1,0.0,0.16666666666666666,0.3333333333333333,0.16666666666666666,2.5166666666666666,0.31,0.18,49.2,19.333333333333332,2.6666666666666665,36.2,33.9,10.166666666666666,31.1,31.6,14.0,1.2,0.83,11.9,32.5,13.83,4.5,0.07,0.22,17.2,0,0.11,-0.45,-0.45,279.6666666666667,372.5,75.1,5257.833333333333,2199.3333333333335,121.83333333333333,141.0,86.4,117.16666666666667,146.5,80.0,35.833333333333336,65.33333333333333,54.8,0.9,-0.26666666666666666,10.5,22.0,6.333333333333333,2.1666666666666665,319.8333333333333,49.833333333333336,11.166666666666666,2.5,1.1666666666666667,16.5,20.5,4.5,1.0,1.6666666666666667,0.0,2.8333333333333335,8.666666666666666,23.67,16.666666666666668,1.5,2.1666666666666665,2.5,0.16666666666666666,0.6666666666666666,1.67,1.0,0.16666666666666666,0.0,0.5,0.0,0.0,16.666666666666668,7.833333333333333,7.0,6.333333333333333,3.3333333333333335,8.166666666666666,18.833333333333332,43.4,10.666666666666666,14.833333333333334,7.5,7.333333333333333,8.333333333333334,25.0,20.5,0.6666666666666666,492.3333333333333,69.66666666666667,190.66666666666666,194.0,113.5,22.5,492.3333333333333,20.666666666666668,10.0,48.4,7.833333333333333,37.9,240.16666666666666,1237.5,560.0,9.333333333333334,5.5,14.5,8.833333333333334,277.3333333333333,31.5,0.0,13.666666666666666,9.666666666666666,2.8333333333333335,0.0,0.3333333333333333,0.16666666666666666,50.666666666666664,13.333333333333334,13.333333333333334,50.0,2024
Sevilla,30.2,48.8,13.166666666666666,29.666666666666668,1.17,1.0,2.17,1.0,2.0,0.99,0.77,1.76,0.86,1.63,2.0,27,63.0,0.0,0.16666666666666666,0.0,0.16666666666666666,1.7833333333333332,0.33,-0.05,37.3,28.833333333333332,3.3333333333333335,42.8,36.9,9.5,63.2,46.8,13.166666666666666,7.6,0.33,9.1,32.7,8.67,2.83,0.12,0.35,16.2,0,0.1,0.18333333333333335,0.15,353.8333333333333,458.0,77.3,6414.333333333333,2257.6666666666665,154.66666666666666,179.5,86.2,154.0,183.5,83.9,36.333333333333336,72.16666666666667,50.3,0.8166666666666668,0.2333333333333333,6.833333333333333,24.833333333333332,6.166666666666667,2.5,402.8333333333333,53.666666666666664,14.333333333333334,1.5,4.333333333333333,19.5,22.166666666666668,4.833333333333333,1.5,2.5,0.0,1.5,8.833333333333334,15.33,10.0,2.5,1.5,0.0,1.0,0.3333333333333333,2.33,1.5,0.5,0.0,0.0,0.3333333333333333,0.0,19.0,11.666666666666666,9.166666666666666,9.0,0.8333333333333334,9.5,19.166666666666668,49.6,9.666666666666666,10.666666666666666,4.0,6.666666666666667,7.333333333333333,26.333333333333332,15.166666666666666,0.0,561.1666666666666,62.333333333333336,193.0,262.0,112.33333333333333,15.666666666666666,561.0,17.0,6.5,38.2,9.166666666666666,53.9,342.3333333333333,1897.3333333333333,840.3333333333334,12.5,2.5,13.833333333333334,7.833333333333333,350.0,29.333333333333332,0.16666666666666666,12.5,11.166666666666666,1.5,0.16666666666666666,0.3333333333333333,0.16666666666666666,50.333333333333336,13.666666666666666,15.0,47.7,2024
Shakhtar,25.3,44.3,12.166666666666666,25.666666666666668,1.5,1.17,2.67,1.5,2.67,1.23,0.97,2.19,1.23,2.19,2.0,37,67.6,0.0,0.0,0.16666666666666666,0.0,1.8833333333333335,0.31,-0.12,44.3,26.833333333333332,4.0,28.0,28.0,7.333333333333333,36.4,32.9,15.5,8.6,1.67,16.3,37.7,11.5,4.33,0.13,0.35,17.5,2,0.11,0.26666666666666666,0.26666666666666666,368.3333333333333,452.1666666666667,81.5,6320.666666666667,2243.1666666666665,181.5,198.0,91.7,142.66666666666666,164.5,86.7,35.5,64.33333333333333,55.2,0.8166666666666668,0.19999999999999998,8.5,21.5,6.0,1.1666666666666667,410.6666666666667,39.333333333333336,10.333333333333334,2.5,3.0,9.5,16.0,2.6666666666666665,1.8333333333333333,0.16666666666666666,0.0,2.1666666666666665,9.166666666666666,19.17,15.166666666666666,1.1666666666666667,0.6666666666666666,1.0,0.8333333333333334,0.3333333333333333,2.67,2.1666666666666665,0.16666666666666666,0.0,0.16666666666666666,0.16666666666666666,0.0,18.5,10.333333333333334,10.5,6.0,2.0,9.5,21.666666666666668,43.8,12.166666666666666,11.0,3.1666666666666665,7.833333333333333,7.833333333333333,26.333333333333332,25.666666666666668,1.0,561.0,86.16666666666667,244.0,227.83333333333334,94.0,17.0,561.0,12.333333333333334,6.5,52.7,5.666666666666667,45.9,373.6666666666667,1815.6666666666667,832.3333333333334,9.166666666666666,3.3333333333333335,14.0,9.833333333333334,363.8333333333333,25.333333333333332,0.0,11.666666666666666,9.166666666666666,2.1666666666666665,0.0,0.16666666666666666,0.0,46.333333333333336,8.833333333333334,10.5,45.7,2024
Union Berlin,28.9,33.8,14.0,27.5,1.0,0.67,1.67,1.0,1.67,0.94,0.75,1.69,0.94,1.69,1.67,29,65.5,100.0,0.0,0.5,0.0,1.7333333333333334,0.33,0.07,33.7,25.0,5.166666666666667,44.7,36.4,8.0,45.8,40.7,19.333333333333332,6.0,0.17,6.5,35.1,9.5,3.33,0.11,0.3,17.2,2,0.1,0.06666666666666667,0.06666666666666667,276.5,374.0,73.9,5165.833333333333,2134.5,117.16666666666667,138.33333333333334,84.7,117.66666666666667,144.0,81.7,34.833333333333336,69.66666666666667,50.0,0.6333333333333333,-0.08333333333333333,7.166666666666667,23.166666666666668,7.833333333333333,3.0,333.1666666666667,38.666666666666664,9.5,0.6666666666666666,1.8333333333333333,17.333333333333332,15.666666666666666,2.8333333333333335,1.5,0.8333333333333334,0.16666666666666666,2.1666666666666665,8.666666666666666,16.83,13.5,1.1666666666666667,0.5,0.6666666666666666,0.5,0.5,1.67,1.3333333333333333,0.0,0.0,0.16666666666666666,0.0,0.16666666666666666,15.5,8.166666666666666,8.833333333333334,5.333333333333333,1.3333333333333333,6.666666666666667,16.666666666666668,40.0,10.0,14.166666666666666,6.833333333333333,7.333333333333333,6.0,21.5,26.0,0.5,482.8333333333333,71.5,189.83333333333334,199.83333333333334,98.0,16.666666666666668,482.8333333333333,10.666666666666666,4.333333333333333,40.6,4.666666666666667,43.8,247.83333333333334,1184.5,658.5,7.666666666666667,2.3333333333333335,11.833333333333334,5.666666666666667,274.5,27.333333333333332,0.0,13.5,8.666666666666666,2.1666666666666665,0.0,0.16666666666666666,0.0,47.5,14.833333333333334,15.5,48.9,2024
Young Boys,26.1,42.3,13.5,22.166666666666668,1.0,0.83,1.83,0.83,1.67,1.06,0.75,1.81,0.93,1.68,2.17,44,75.0,0.0,0.0,0.5,0.0,2.4833333333333334,0.31,0.31,38.3,31.666666666666668,5.166666666666667,38.9,33.0,9.333333333333334,35.7,31.8,11.833333333333334,2.8,0.67,6.0,28.8,12.17,3.5,0.07,0.24,18.2,2,0.08,-0.06666666666666667,-0.09999999999999999,307.5,395.8333333333333,77.7,5701.333333333333,2110.5,130.5,153.66666666666666,84.9,127.33333333333333,146.16666666666666,87.1,41.333333333333336,71.66666666666667,57.7,0.8166666666666668,0.08333333333333333,9.333333333333334,21.333333333333332,3.5,1.6666666666666667,347.8333333333333,45.166666666666664,11.5,0.3333333333333333,3.1666666666666665,15.833333333333334,17.333333333333332,3.8333333333333335,1.6666666666666667,1.0,0.0,2.8333333333333335,9.0,20.0,14.333333333333334,2.1666666666666665,1.5,1.1666666666666667,0.6666666666666666,0.16666666666666666,1.83,1.5,0.0,0.16666666666666666,0.16666666666666666,0.0,0.0,14.833333333333334,10.166666666666666,6.666666666666667,5.833333333333333,2.3333333333333335,6.0,16.666666666666668,36.0,10.666666666666666,17.166666666666668,5.166666666666667,12.0,9.833333333333334,24.666666666666668,15.333333333333334,0.3333333333333333,503.1666666666667,66.66666666666667,183.66666666666666,211.66666666666666,114.5,12.833333333333334,503.0,18.5,8.833333333333334,47.7,8.333333333333334,45.0,281.3333333333333,1390.3333333333333,695.0,11.333333333333334,3.0,13.666666666666666,7.666666666666667,305.5,22.333333333333332,0.16666666666666666,14.5,8.333333333333334,3.0,0.0,0.3333333333333333,0.0,45.833333333333336,10.333333333333334,11.0,48.4,2024
